Date,Ticker,Name,Remarks,Previous,Open,High,Low,Close,Change,Volume,Value,Frequency,IndexIndividual,Offer,OfferVolume,Bid,BidVolume,ListedShares,TradebleShares,WeightForIndex,ForeignSell,ForeignBuy,NonRegularVolume,NonRegularValue,NonRegularFrequency
2026-04-02,VERN,Verona Indah Pictures Tbk.,--MO2130000000E621------------,114.0,113.0,136.0,112.0,130.0,16.0,28034400,3608737800,2992,66.7,130,205700,129,3800,4765648183,4765648183,1121833582,1133000,103800,0,0,0
2026-04-01,VERN,Verona Indah Pictures Tbk.,--MO2130000000E621------------,104.0,104.0,115.0,104.0,114.0,10.0,2372700,261783900,348,58.5,114,12700,113,225800,4765648183,4765648183,1121833582,2600,2600,0,0,0
2026-03-31,VERN,Verona Indah Pictures Tbk.,--MO2130000000E621------------,101.0,0.0,106.0,99.0,104.0,3.0,2025600,207958700,140,53.3,105,800,104,95800,4765648183,4765648183,1121833582,2900,2900,0,0,0
2026-03-27,VERN,Verona Indah Pictures Tbk.,--MO2130000000E621------------,103.0,0.0,104.0,99.0,102.0,-1.0,132200,13213000,57,52.3,103,15000,102,2300,4765648183,4765648183,1121833582,1500,1500,0,0,0
2026-03-26,VERN,Verona Indah Pictures Tbk.,--MO2130000000E621------------,100.0,0.0,103.0,97.0,103.0,3.0,580600,59167500,84,52.8,103,13300,102,107800,4765648183,4765648183,1121833582,1400,1400,0,0,0
2026-03-25,VERN,Verona Indah Pictures Tbk.,--MO2130000000E621------------,91.0,91.0,101.0,88.0,100.0,9.0,2140700,208752200,207,51.3,101,46300,100,533100,4765648183,4765648183,1121833582,6600,3900,0,0,0
2026-03-17,VERN,Verona Indah Pictures Tbk.,--MO2130000000E621------------,88.0,0.0,97.0,85.0,91.0,3.0,356200,32877200,102,46.7,92,6900,91,67700,4765648183,4765648183,1121833582,2200,2200,0,0,0
2026-03-16,VERN,Verona Indah Pictures Tbk.,--MO2130000000E621------------,87.0,0.0,89.0,84.0,88.0,1.0,585600,50974100,113,45.1,89,13600,88,223400,4765648183,4765648183,1121833582,3200,1800,0,0,0
2026-03-13,VERN,Verona Indah Pictures Tbk.,--MO2130000000E621------------,89.0,87.0,93.0,86.0,87.0,-2.0,1070900,94244800,128,44.6,89,17500,87,172200,4765648183,4765648183,1121833582,60100,1200,0,0,0
2026-03-12,VERN,Verona Indah Pictures Tbk.,--MO2130000000E621------------,89.0,0.0,94.0,87.0,89.0,0.0,808900,73401700,133,45.6,91,51500,89,3100,4765648183,4765648183,1121833582,7100,3100,0,0,0
2026-03-11,VERN,Verona Indah Pictures Tbk.,--MO2130000000E621------------,91.0,91.0,97.0,87.0,89.0,-2.0,842100,76336100,116,45.6,90,23800,89,52800,4765648183,4765648183,1121833582,1500,2400,0,0,0
2026-03-10,VERN,Verona Indah Pictures Tbk.,--MO2130000000E621------------,87.0,90.0,97.0,83.0,91.0,4.0,2157200,186846100,192,46.7,92,12500,91,502900,4765648183,4765648183,1121833582,203800,0,0,0,0
2026-03-09,VERN,Verona Indah Pictures Tbk.,--MO2130000000E621------------,94.0,0.0,94.0,85.0,87.0,-7.0,1112900,97235500,208,44.6,87,10600,86,100,4765648183,4765648183,1121833582,167000,5800,1500000,141000000,1
2026-03-06,VERN,Verona Indah Pictures Tbk.,--MO2130000000E621------------,94.0,98.0,98.0,92.0,94.0,0.0,614900,58383700,183,48.2,94,25400,93,116900,4765648183,4765648183,1121833582,30400,2600,0,0,0
2026-03-05,VERN,Verona Indah Pictures Tbk.,--MO2130000000E621------------,93.0,94.0,98.0,90.0,94.0,1.0,1064200,100179200,194,48.2,94,1300,93,15400,4765648183,4765648183,1121833582,7900,3800,0,0,0
2026-03-04,VERN,Verona Indah Pictures Tbk.,--MO2130000000E621------------,99.0,99.0,99.0,92.0,93.0,-6.0,2903500,270698900,174,47.7,94,16200,93,1400,4765648183,4765648183,1121833582,52000,3500,0,0,0
2026-03-03,VERN,Verona Indah Pictures Tbk.,--MO2130000000E621------------,99.0,100.0,100.0,91.0,99.0,0.0,1286100,123427900,202,50.8,99,19400,97,119500,4765648183,4765648183,1121833582,2600,8200,0,0,0
2026-03-02,VERN,Verona Indah Pictures Tbk.,--MO2130000000E621------------,109.0,107.0,107.0,93.0,99.0,-10.0,3045300,300341600,307,50.8,99,37800,98,130500,4765648183,4765648183,1121833582,20900,7000,0,0,0
2026-02-27,VERN,Verona Indah Pictures Tbk.,--MO2130000000E621------------,111.0,110.0,111.0,109.0,109.0,-2.0,310000,34038900,88,55.9,111,14500,109,69800,4765648183,4765648183,1121833582,700,1200,0,0,0
2026-02-26,VERN,Verona Indah Pictures Tbk.,--MO2130000000E621------------,115.0,115.0,115.0,111.0,111.0,-4.0,786200,88625200,118,56.9,111,30200,110,26700,4765648183,4765648183,1121833582,39100,1800,0,0,0
2026-02-25,VERN,Verona Indah Pictures Tbk.,--MO2130000000E621------------,114.0,0.0,115.0,112.0,115.0,1.0,249000,28257300,64,59.0,115,53500,114,5200,4765648183,4765648183,1121833582,1000,1100,0,0,0
2026-02-24,VERN,Verona Indah Pictures Tbk.,--MO2130000000E621------------,114.0,0.0,116.0,112.0,114.0,0.0,491300,55842600,82,58.5,114,78700,112,80800,4765648183,4765648183,1121833582,1000,0,0,0,0
2026-02-23,VERN,Verona Indah Pictures Tbk.,--MO2130000000E621------------,114.0,114.0,118.0,114.0,114.0,0.0,404600,46290400,110,58.5,115,600,114,2400,4765648183,4765648183,1121833582,1200,1300,0,0,0
2026-02-20,VERN,Verona Indah Pictures Tbk.,--MO2130000000E621------------,118.0,117.0,118.0,114.0,114.0,-4.0,414900,48094400,132,58.5,116,111200,114,23600,4765648183,4765648183,1121833582,1400,1200,0,0,0
2026-02-19,VERN,Verona Indah Pictures Tbk.,--MO2130000000E621------------,110.0,110.0,118.0,110.0,118.0,8.0,3195300,368764600,459,60.5,118,120700,117,35100,4765648183,4765648183,1121833582,9900,8700,0,0,0
2026-02-18,VERN,Verona Indah Pictures Tbk.,--MO2130000000E621------------,110.0,110.0,113.0,108.0,110.0,0.0,272000,29846600,89,56.4,111,22100,110,89000,4765648183,4765648183,1121833582,1900,2600,0,0,0
2026-02-13,VERN,Verona Indah Pictures Tbk.,--MO2130000000E621------------,110.0,0.0,113.0,108.0,110.0,0.0,356400,39367100,84,56.4,111,43300,109,24200,4765648183,4765648183,1121833582,12500,2000,0,0,0
2026-02-12,VERN,Verona Indah Pictures Tbk.,--MO2130000000E621------------,112.0,112.0,113.0,109.0,110.0,-2.0,673000,74277700,159,56.4,110,97100,109,100700,4765648183,4765648183,1121833582,2800,4300,0,0,0
2026-02-11,VERN,Verona Indah Pictures Tbk.,--MO2130000000E621------------,103.0,102.0,115.0,101.0,112.0,9.0,3799100,421229600,1001,57.4,113,72500,112,800,4765648183,4765648183,1121833582,30000,603100,0,0,0
2026-02-10,VERN,Verona Indah Pictures Tbk.,--MO2130000000E621------------,100.0,105.0,107.0,100.0,103.0,3.0,558800,57646500,129,52.8,104,95300,103,800,4765648183,4765648183,1121833582,6900,7200,0,0,0
2026-02-09,VERN,Verona Indah Pictures Tbk.,--MO2130000000E621------------,102.0,100.0,108.0,99.0,100.0,-2.0,2078900,210177500,227,51.3,102,1200,100,103100,4765648183,4765648183,1121833582,4700,383800,0,0,0
2026-02-06,VERN,Verona Indah Pictures Tbk.,--MO2130000000E621------------,103.0,105.0,105.0,98.0,102.0,-1.0,885300,88485200,164,52.3,102,41100,101,20200,4765648183,4765648183,1121833582,6700,6000,0,0,0
2026-02-05,VERN,Verona Indah Pictures Tbk.,--MO2130000000E621------------,101.0,0.0,107.0,100.0,103.0,2.0,605400,62110400,183,52.8,104,22500,103,3600,4765648183,4765648183,1121833582,6500,5800,0,0,0
2026-02-04,VERN,Verona Indah Pictures Tbk.,--MO2130000000E621------------,103.0,103.0,106.0,98.0,101.0,-2.0,664400,67028100,170,51.8,102,36900,101,10000,4765648183,4765648183,1121833582,3800,79400,0,0,0
2026-02-03,VERN,Verona Indah Pictures Tbk.,--MO2130000000E621------------,95.0,97.0,112.0,96.0,103.0,8.0,1181200,123081800,609,52.8,103,14300,102,57300,4765648183,4765648183,1121833582,33400,19900,0,0,0
2026-02-02,VERN,Verona Indah Pictures Tbk.,--MO2130000000E621------------,110.0,111.0,111.0,94.0,95.0,-15.0,1200700,119368500,279,48.7,98,2000,94,385400,4765648183,4765648183,1121833582,11500,183800,0,0,0
2026-01-30,VERN,Verona Indah Pictures Tbk.,--MO2130000000E621------------,103.0,102.0,111.0,102.0,110.0,7.0,1136000,119814800,202,56.4,110,35500,109,1600,4765648183,4765648183,1121833582,12000,7800,0,0,0
2026-01-29,VERN,Verona Indah Pictures Tbk.,--MO2130000000E621------------,105.0,105.0,105.0,90.0,103.0,-2.0,2520400,234297100,443,52.8,104,19200,103,1500,4765648183,4765648183,1121833582,81400,14300,0,0,0
2026-01-28,VERN,Verona Indah Pictures Tbk.,--MO2130000000E621------------,119.0,118.0,118.0,102.0,105.0,-14.0,5329200,580288800,754,53.8,105,3000,102,133300,4765648183,4765648183,1121833582,601900,418800,0,0,0
2026-01-27,VERN,Verona Indah Pictures Tbk.,--MO2130000000E621------------,122.0,122.0,125.0,119.0,119.0,-3.0,1748300,211225400,405,61.0,122,466700,119,562500,4765648183,4765648183,1121833582,78500,1600,0,0,0
2026-01-26,VERN,Verona Indah Pictures Tbk.,--MO2130000000E621------------,124.0,124.0,128.0,121.0,122.0,-2.0,2156700,267021900,310,62.6,125,498100,122,39900,4765648183,4765648183,1121833582,30800,2600,0,0,0
2026-01-23,VERN,Verona Indah Pictures Tbk.,--MO2130000000E621------------,129.0,129.0,130.0,121.0,124.0,-5.0,3573600,444253900,411,63.6,125,13400,124,640000,4765648183,4765648183,1121833582,11000,414400,0,0,0
2026-01-22,VERN,Verona Indah Pictures Tbk.,--MO2130000000E621------------,126.0,127.0,133.0,125.0,129.0,3.0,2464000,316492700,753,66.2,129,57300,128,700,4765648183,4765648183,1121833582,43100,95800,0,0,0
2026-01-21,VERN,Verona Indah Pictures Tbk.,--MO2130000000E621------------,131.0,133.0,133.0,125.0,126.0,-5.0,7176400,918075000,934,64.6,127,46600,126,58200,4765648183,4765648183,1121833582,248500,597100,0,0,0
2026-01-20,VERN,Verona Indah Pictures Tbk.,--MO2130000000E621------------,125.0,126.0,146.0,124.0,131.0,6.0,54136200,7363993300,4724,67.2,132,7600,131,190900,4765648183,4765648183,1121833582,3274600,3006000,0,0,0
2026-01-19,VERN,Verona Indah Pictures Tbk.,--MO2130000000E621------------,126.0,127.0,130.0,124.0,125.0,-1.0,2392800,301651700,449,64.1,125,6500,124,294300,4765648183,4765648183,1121833582,100700,5100,0,0,0
2026-01-15,VERN,Verona Indah Pictures Tbk.,--MO2130000000E621------------,122.0,123.0,131.0,121.0,126.0,4.0,11242400,1428525600,1520,64.6,127,150500,126,71100,4765648183,4765648183,1121833582,1279600,52700,0,0,0
2026-01-14,VERN,Verona Indah Pictures Tbk.,--MO2130000000E621------------,124.0,124.0,124.0,122.0,122.0,-2.0,869100,106349500,114,62.6,123,65600,122,102200,4765648183,4765648183,1121833582,0,2000,0,0,0
2026-01-13,VERN,Verona Indah Pictures Tbk.,--MO2130000000E621------------,123.0,0.0,125.0,121.0,124.0,1.0,659200,80575800,188,63.6,124,75300,123,3300,4765648183,4765648183,1121833582,3300,1100,0,0,0
2026-01-12,VERN,Verona Indah Pictures Tbk.,--MO2130000000E621------------,124.0,125.0,125.0,122.0,123.0,-1.0,1368300,168622700,166,63.1,123,122200,122,424800,4765648183,4765648183,1121833582,3400,3800,0,0,0
2026-01-09,VERN,Verona Indah Pictures Tbk.,--MO2130000000E621------------,123.0,123.0,124.0,122.0,124.0,1.0,1124200,137886800,152,63.6,124,125800,123,3300,4765648183,4765648183,1121833582,1900,342500,0,0,0
2026-01-08,VERN,Verona Indah Pictures Tbk.,--MO2130000000E621------------,124.0,124.0,124.0,122.0,123.0,-1.0,812200,99301300,154,63.1,123,76700,122,83300,4765648183,4765648183,1121833582,0,1800,0,0,0
2026-01-07,VERN,Verona Indah Pictures Tbk.,--MO2130000000E621------------,124.0,125.0,125.0,122.0,124.0,0.0,640500,79121100,211,63.6,124,50700,123,1800,4765648183,4765648183,1121833582,4600,2200,0,0,0
2026-01-06,VERN,Verona Indah Pictures Tbk.,--MO2130000000E621------------,125.0,0.0,126.0,122.0,124.0,-1.0,1029500,127205900,228,63.6,124,25600,123,100,4765648183,4765648183,1121833582,1000,3400,0,0,0
2026-01-05,VERN,Verona Indah Pictures Tbk.,--MO2130000000E621------------,124.0,123.0,126.0,122.0,125.0,1.0,4042500,498756300,341,64.1,126,51400,124,800,4765648183,4765648183,1121833582,5800,868900,0,0,0
2026-01-02,VERN,Verona Indah Pictures Tbk.,--MO2130000000E621------------,123.0,124.0,128.0,123.0,124.0,1.0,2138600,265705000,189,63.6,124,365300,123,142900,4765648183,4765648183,1121833582,6700,65200,0,0,0
2025-12-30,VERN,Verona Indah Pictures Tbk.,--MO2130000000E621------------,123.0,122.0,125.0,121.0,123.0,0.0,604600,73750800,147,63.1,123,88400,122,6000,4765648183,4765648183,1121815829,5300,81200,0,0,0
2025-12-29,VERN,Verona Indah Pictures Tbk.,--MO2130000000E621------------,123.0,122.0,124.0,121.0,123.0,0.0,525700,64228100,228,63.1,124,44000,123,3500,4765648183,4765648183,1121815829,3100,5100,0,0,0
2025-12-24,VERN,Verona Indah Pictures Tbk.,--MO2130000000E621------------,124.0,123.0,126.0,121.0,123.0,-1.0,1262000,155146500,176,63.1,124,16400,123,100,4765648183,4765648183,1121815829,5500,3600,0,0,0
2025-12-23,VERN,Verona Indah Pictures Tbk.,--MO2130000000E621------------,124.0,123.0,129.0,123.0,124.0,0.0,401000,49479000,170,63.6,124,1700,123,64200,4765648183,4765648183,1121815829,600,2500,0,0,0
2025-12-22,VERN,Verona Indah Pictures Tbk.,--MO2130000000E621------------,127.0,128.0,128.0,123.0,124.0,-3.0,2420100,300527900,390,63.6,125,94200,124,2000,4765648183,4765648183,1121815829,39500,5100,0,0,0
2025-12-19,VERN,Verona Indah Pictures Tbk.,--MO2130000000E621------------,130.0,130.0,132.0,127.0,127.0,-3.0,1969700,253534000,266,65.1,127,31900,126,232800,4765648183,4765648183,1121815829,606700,7900,0,0,0
2025-12-18,VERN,Verona Indah Pictures Tbk.,--MO2130000000E621------------,132.0,132.0,135.0,129.0,130.0,-2.0,1154000,150495700,320,66.7,130,107100,129,588300,4765648183,4765648183,1121815829,113000,9200,0,0,0
2025-12-17,VERN,Verona Indah Pictures Tbk.,--MO2130000000E621------------,130.0,130.0,137.0,128.0,132.0,2.0,2374600,311920500,491,67.7,132,58400,130,121000,4765648183,4765648183,1121815829,27700,97700,0,0,0
2025-12-16,VERN,Verona Indah Pictures Tbk.,--MO2130000000E621------------,132.0,134.0,141.0,130.0,130.0,-2.0,9168200,1237627200,1142,66.7,131,100000,130,15800,4765648183,4765648183,1121815829,1234500,222100,0,0,0
2025-12-15,VERN,Verona Indah Pictures Tbk.,--MO2130000000E621------------,123.0,124.0,140.0,124.0,132.0,9.0,11404700,1522455800,1582,67.7,133,31000,132,23900,4765648183,4765648183,1121815829,632500,633200,0,0,0
2025-12-12,VERN,Verona Indah Pictures Tbk.,--MO2130000000E621------------,126.0,125.0,127.0,123.0,123.0,-3.0,1329400,165254400,222,63.1,124,28600,123,360700,4765648183,4765648183,1121815829,202800,5600,0,0,0
2025-12-11,VERN,Verona Indah Pictures Tbk.,--MO2130000000E621------------,129.0,130.0,130.0,123.0,126.0,-3.0,2952200,369095700,389,64.6,126,974600,125,159500,4765648183,4765648183,1121815829,7900,13700,0,0,0
2025-12-10,VERN,Verona Indah Pictures Tbk.,--MO2130000000E621------------,132.0,131.0,131.0,127.0,129.0,-3.0,1711700,220276900,348,66.2,130,200,129,3300,4765648183,4765648183,1121815829,13000,10800,0,0,0
2025-12-09,VERN,Verona Indah Pictures Tbk.,--MO2130000000E621------------,135.0,136.0,136.0,131.0,132.0,-3.0,2019700,268097800,328,67.7,132,34800,131,90200,4765648183,4765648183,1121815829,122900,10000,0,0,0
2025-12-08,VERN,Verona Indah Pictures Tbk.,--MO2130000000E621------------,136.0,137.0,138.0,132.0,135.0,-1.0,3276900,442610400,590,69.2,135,43100,134,74100,4765648183,4765648183,1121815829,146200,282200,0,0,0
2025-12-05,VERN,Verona Indah Pictures Tbk.,--MO2130000000E621------------,130.0,131.0,137.0,128.0,136.0,6.0,5052600,672742300,622,69.7,137,170900,136,5800,4765648183,4765648183,1121815829,290200,17200,0,0,0
2025-12-04,VERN,Verona Indah Pictures Tbk.,--MO2130000000E621------------,133.0,134.0,134.0,129.0,130.0,-3.0,1568600,204393900,418,66.7,131,13900,130,12100,4765648183,4765648183,1121815829,82800,13600,0,0,0
2025-12-03,VERN,Verona Indah Pictures Tbk.,--MO2130000000E621------------,134.0,134.0,137.0,131.0,133.0,-1.0,3540700,470917800,548,68.2,133,42200,132,50300,4765648183,4765648183,1121815829,25700,14800,0,0,0
2025-12-02,VERN,Verona Indah Pictures Tbk.,--MO2130000000E621------------,129.0,132.0,139.0,127.0,134.0,5.0,9256400,1238389600,1964,68.7,134,40500,133,28300,4765648183,4765648183,1121815829,333700,49500,0,0,0
2025-12-01,VERN,Verona Indah Pictures Tbk.,--MO2130000000E621------------,126.0,127.0,132.0,125.0,129.0,3.0,3283200,420126300,419,66.2,130,36000,128,13000,4765648183,4765648183,1121815829,179600,5000,0,0,0
2025-11-28,VERN,Verona Indah Pictures Tbk.,--MO2130000000E621------------,129.0,129.0,135.0,126.0,126.0,-3.0,5269700,678454900,623,64.6,126,77200,125,234900,4765648183,4765648183,1121815829,321000,324300,0,0,0
2025-11-27,VERN,Verona Indah Pictures Tbk.,--MO2130000000E621------------,128.0,128.0,132.0,126.0,129.0,1.0,2070000,267357100,436,66.2,129,93500,127,98900,4765648183,4765648183,1121815829,248500,91800,0,0,0
2025-11-26,VERN,Verona Indah Pictures Tbk.,--MO2130000000E621------------,134.0,135.0,135.0,127.0,128.0,-6.0,5455700,705558000,715,65.6,128,237100,127,177800,4765648183,4765648183,1121815829,16700,17700,0,0,0
2025-11-25,VERN,Verona Indah Pictures Tbk.,--MO2130000000E621------------,140.0,141.0,142.0,132.0,134.0,-6.0,6821100,919375000,883,68.7,134,112600,133,40000,4765648183,4765648183,1121815829,130900,456600,0,0,0
2025-11-24,VERN,Verona Indah Pictures Tbk.,--MO2130000000E621------------,128.0,128.0,140.0,125.0,140.0,12.0,22187000,2984283500,2667,71.8,140,1460300,137,21100,4765648183,4765648183,1121815829,1227900,2545500,0,0,0
2025-11-22,VERN,Verona Indah Pictures Tbk.,--MO2130000000E621------------,94.0,0.0,94.0,85.0,87.0,-7.0,1112900,97235500,208,44.6,87,10600,86,100,4765648183,4765648183,1121833582,167000,5800,1500000,141000000,1
2025-11-21,VERN,Verona Indah Pictures Tbk.,--MO2130000000E621------------,122.0,123.0,152.0,123.0,128.0,6.0,109333200,15203784500,12206,65.6,128,233100,127,24500,4765648183,4765648183,1121815829,8220700,7647400,0,0,0
2025-11-20,VERN,Verona Indah Pictures Tbk.,--MO2130000000E621------------,120.0,121.0,127.0,120.0,122.0,2.0,4470100,555204100,789,62.6,123,75400,122,29900,4765648183,4765648183,1121815829,4700,527600,0,0,0
2025-11-19,VERN,Verona Indah Pictures Tbk.,--MO2130000000E621------------,119.0,119.0,133.0,118.0,120.0,1.0,26517400,3376491900,2745,61.5,121,14200,120,184700,4765648183,4765648183,1121815829,2337300,928600,0,0,0
2025-11-18,VERN,Verona Indah Pictures Tbk.,--MO2130000000E621------------,118.0,118.0,119.0,116.0,119.0,1.0,463100,54298800,138,61.0,119,74200,117,271700,4765648183,4765648183,1121815829,1100,1100,0,0,0
2025-11-17,VERN,Verona Indah Pictures Tbk.,--MO2130000000E621------------,119.0,119.0,121.0,116.0,118.0,-1.0,555200,65960400,172,60.5,120,73300,117,70100,4765648183,4765648183,1121815829,4800,300,0,0,0
2025-11-14,VERN,Verona Indah Pictures Tbk.,--MO2130000000E621------------,119.0,119.0,121.0,117.0,119.0,0.0,582400,69264300,240,61.0,119,84300,118,194600,4765648183,4765648183,1121815829,68400,1500,0,0,0
2025-11-13,VERN,Verona Indah Pictures Tbk.,--MO2130000000E621------------,120.0,120.0,120.0,118.0,119.0,-1.0,802800,95390400,115,61.0,120,112000,119,67500,4765648183,4765648183,1121815829,0,900,0,0,0
2025-11-12,VERN,Verona Indah Pictures Tbk.,--MO2130000000E621------------,118.0,119.0,120.0,117.0,120.0,2.0,556900,66160800,105,61.5,120,347100,119,89900,4765648183,4765648183,1121815829,900,1400,0,0,0
2025-11-11,VERN,Verona Indah Pictures Tbk.,--MO2130000000E621------------,120.0,119.0,120.0,117.0,118.0,-2.0,753400,89034300,174,60.5,118,102600,117,581100,4765648183,4765648183,1121815829,2100,1100,0,0,0
2025-11-10,VERN,Verona Indah Pictures Tbk.,--MO2130000000E621------------,121.0,121.0,122.0,118.0,120.0,-1.0,1166700,139224000,258,61.5,120,56700,119,2000,4765648183,4765648183,1121815829,4800,2200,0,0,0
2025-11-07,VERN,Verona Indah Pictures Tbk.,--MO2130000000E621------------,121.0,122.0,122.0,119.0,121.0,0.0,1120500,134950500,323,62.1,121,130200,120,13800,4765648183,4765648183,1121815829,154100,7600,0,0,0
2025-11-06,VERN,Verona Indah Pictures Tbk.,--MO2130000000E621------------,117.0,117.0,125.0,116.0,121.0,4.0,7200600,879845900,1189,62.1,123,715800,121,266300,4765648183,4765648183,1121815829,982400,30500,0,0,0
2025-11-05,VERN,Verona Indah Pictures Tbk.,--MO2130000000E621------------,118.0,117.0,118.0,114.0,117.0,-1.0,2521600,292471400,272,60.0,118,76000,116,16000,4765648183,4765648183,1121815829,688600,115100,0,0,0
2025-11-04,VERN,Verona Indah Pictures Tbk.,--MO2130000000E621------------,119.0,117.0,119.0,116.0,118.0,-1.0,1155800,135204800,198,60.5,118,92800,117,2000,4765648183,4765648183,1121815829,153000,3400,0,0,0
2025-11-03,VERN,Verona Indah Pictures Tbk.,--MO2130000000E621------------,119.0,118.0,119.0,117.0,119.0,0.0,477100,56307100,116,61.0,119,80300,118,20000,4765648183,4765648183,1121815829,47600,900,0,0,0
2025-10-31,VERN,Verona Indah Pictures Tbk.,--MO2130000000E621------------,119.0,118.0,120.0,117.0,119.0,0.0,576900,68589700,112,61.0,119,234900,118,1600,4765648183,4765648183,1121815829,170000,0,0,0,0
2025-10-30,VERN,Verona Indah Pictures Tbk.,--MO2130000000E621------------,119.0,121.0,121.0,117.0,119.0,0.0,581500,68851600,151,61.0,120,11800,119,15800,4765648183,4765648183,1121815829,166800,0,0,0,0
2025-10-29,VERN,Verona Indah Pictures Tbk.,--MO2130000000E621------------,118.0,118.0,120.0,117.0,119.0,1.0,1311000,154728400,200,61.0,119,64700,118,6000,4765648183,4765648183,1121815829,66400,684700,0,0,0
2025-10-28,VERN,Verona Indah Pictures Tbk.,--MO2130000000E621------------,118.0,0.0,121.0,118.0,118.0,0.0,1052300,125350500,143,60.5,119,800,118,284900,4765648183,4765648183,1121815829,83900,403200,0,0,0
2025-10-27,VERN,Verona Indah Pictures Tbk.,--MO2130000000E621------------,119.0,119.0,121.0,117.0,118.0,-1.0,1321300,156350200,212,60.5,120,69800,118,142200,4765648183,4765648183,1121815829,141100,109800,0,0,0
2025-10-24,VERN,Verona Indah Pictures Tbk.,--MO2130000000E621------------,119.0,122.0,122.0,118.0,119.0,0.0,432400,51537500,92,61.0,120,34800,119,76200,4765648183,4765648183,1121815829,18500,0,0,0,0
2025-10-23,VERN,Verona Indah Pictures Tbk.,--MO2130000000E621------------,118.0,0.0,123.0,118.0,119.0,1.0,829800,98901000,169,61.0,119,63300,118,263500,4765648183,4765648183,1121815829,72700,0,0,0,0
2025-10-22,VERN,Verona Indah Pictures Tbk.,--MO2130000000E621------------,119.0,119.0,120.0,117.0,118.0,-1.0,958100,113364100,166,60.5,119,127200,118,84400,4765648183,4765648183,1121815829,62300,171100,0,0,0
2025-10-21,VERN,Verona Indah Pictures Tbk.,--MO2130000000E621------------,119.0,0.0,122.0,117.0,119.0,0.0,1214400,144374300,197,61.0,120,58600,119,30700,4765648183,4765648183,1121815829,13200,216700,0,0,0
2025-10-20,VERN,Verona Indah Pictures Tbk.,--MO2130000000E621------------,119.0,119.0,123.0,119.0,119.0,0.0,1793500,215866200,185,61.0,120,1000,119,8900,4765648183,4765648183,1121815829,22700,697700,0,0,0
2025-10-17,VERN,Verona Indah Pictures Tbk.,--MO2130000000E621------------,124.0,127.0,127.0,118.0,119.0,-5.0,2544500,307444800,233,61.0,119,272400,118,58700,4765648183,4765648183,1121815829,68200,0,0,0,0
2025-10-16,VERN,Verona Indah Pictures Tbk.,--MO2130000000E621------------,119.0,0.0,132.0,117.0,124.0,5.0,8357000,1046078300,748,63.6,126,45600,123,39100,4765648183,4765648183,1121815829,950000,645100,0,0,0
2025-10-15,VERN,Verona Indah Pictures Tbk.,--MO2130000000E621------------,120.0,120.0,123.0,117.0,119.0,-1.0,2100400,251850800,173,61.0,120,97700,119,13000,4765648183,4765648183,1121815829,431300,231900,0,0,0
2025-10-14,VERN,Verona Indah Pictures Tbk.,--MO2130000000E621------------,123.0,124.0,124.0,115.0,120.0,-3.0,2731900,324078700,370,61.5,120,385200,119,300,4765648183,4765648183,1121815829,197500,0,0,0,0
2025-10-13,VERN,Verona Indah Pictures Tbk.,--MO2130000000E621------------,124.0,122.0,123.0,119.0,123.0,-1.0,2654000,320895200,337,63.1,123,192900,121,400,4765648183,4765648183,1121815829,106800,320900,0,0,0
2025-10-10,VERN,Verona Indah Pictures Tbk.,--MO2130000000E621------------,126.0,127.0,129.0,123.0,124.0,-2.0,4843600,605458000,356,63.6,125,19000,124,15700,4765648183,4765648183,1121815829,27000,885900,0,0,0
2025-10-09,VERN,Verona Indah Pictures Tbk.,--MO2130000000E621------------,128.0,128.0,131.0,125.0,126.0,-2.0,2262700,288044800,276,64.6,126,110800,125,921600,4765648183,4765648183,1121815829,53500,119800,0,0,0
2025-10-08,VERN,Verona Indah Pictures Tbk.,--MO2130000000E621------------,132.0,131.0,131.0,125.0,128.0,-4.0,2745500,350811200,498,65.6,128,37700,127,16100,4765648183,4765648183,1121815829,60500,289800,0,0,0
2025-10-07,VERN,Verona Indah Pictures Tbk.,--MO2130000000E621------------,141.0,141.0,141.0,128.0,132.0,-9.0,7400000,988597400,814,67.7,132,229000,131,25000,4765597633,4765597633,1121815829,146400,315200,0,0,0
2025-10-06,VERN,Verona Indah Pictures Tbk.,--MO2130000000E621------------,145.0,146.0,150.0,132.0,141.0,-4.0,7425600,1052187100,764,72.3,142,50000,141,2600,4765595118,4765595118,1121815829,392000,1149700,0,0,0
2025-10-03,VERN,Verona Indah Pictures Tbk.,--MO2130000000E621------------,149.0,150.0,152.0,140.0,145.0,-4.0,9814100,1417561300,757,74.4,145,10700,144,92200,4765594526,4765594526,1121815829,879400,954800,0,0,0
2025-10-02,VERN,Verona Indah Pictures Tbk.,--MO2130000000E621------------,143.0,143.0,153.0,140.0,149.0,6.0,16167700,2379120800,1594,76.4,149,60600,148,173500,4765594155,4765594155,1121815829,1306100,691400,0,0,0
2025-10-01,VERN,Verona Indah Pictures Tbk.,--MO2130000000E621------------,139.0,139.0,154.0,138.0,143.0,4.0,27827800,4091430300,3283,73.3,143,125800,142,383400,4765594087,4765594087,1121815829,12900,618200,0,0,0
2025-09-30,VERN,Verona Indah Pictures Tbk.,--UO2130000000E621------------,136.0,137.0,143.0,133.0,139.0,3.0,8511500,1181574900,1106,71.3,140,91500,139,20000,4765592544,2543267544,1121811292,179400,1258000,0,0,0
2025-09-29,VERN,Verona Indah Pictures Tbk.,--UO2130000000E621------------,132.0,132.0,137.0,132.0,136.0,4.0,3107100,418564500,515,69.7,137,104200,136,829500,4765589470,2543264470,1121811292,6900,188700,0,0,0
2025-09-26,VERN,Verona Indah Pictures Tbk.,--UO2130000000E621------------,132.0,132.0,137.0,130.0,132.0,0.0,1848400,245673500,376,67.7,134,3700,132,257700,4765588519,2543263519,1121811292,82800,86000,0,0,0
2025-09-25,VERN,Verona Indah Pictures Tbk.,--UO2130000000E621------------,137.0,137.0,137.0,132.0,132.0,-5.0,1535100,204290900,338,67.7,134,42000,132,61200,4765586519,2543261519,1121811292,171100,3200,0,0,0
2025-09-24,VERN,Verona Indah Pictures Tbk.,--UO2130000000E621------------,139.0,139.0,141.0,133.0,137.0,-2.0,4848600,662525400,551,70.3,137,299500,134,21700,4765585565,2543260565,1121811292,12000,477600,0,0,0
2025-09-23,VERN,Verona Indah Pictures Tbk.,--UO2130000000E621------------,139.0,139.0,140.0,136.0,139.0,0.0,5894800,811099800,853,71.3,139,505800,138,250500,4765573014,2543248014,1121811292,118500,714900,0,0,0
2025-09-22,VERN,Verona Indah Pictures Tbk.,--UO2130000000E621------------,131.0,131.0,146.0,130.0,139.0,8.0,21236500,2964715800,2417,71.3,139,417600,138,323800,4765572767,2543247767,1121811292,1278400,1113300,0,0,0
2025-09-19,VERN,Verona Indah Pictures Tbk.,--UO2130000000E621------------,135.0,135.0,140.0,130.0,131.0,-4.0,6327800,849581300,789,67.2,131,212900,130,690600,4765572767,2543247767,1121811292,336600,540300,0,0,0
2025-09-18,VERN,Verona Indah Pictures Tbk.,--UO2130000000E621------------,135.0,137.0,140.0,133.0,135.0,0.0,11850700,1607609200,1531,69.2,135,2500,134,348500,4765572122,2543247122,1121811292,876400,392800,0,0,0
2025-09-17,VERN,Verona Indah Pictures Tbk.,--UO2130000000E621------------,129.0,130.0,156.0,126.0,135.0,6.0,111619900,16289437600,9787,69.2,135,658100,134,174500,4765571948,2543246948,1121811292,3606700,3335200,0,0,0
2025-09-16,VERN,Verona Indah Pictures Tbk.,--UO2130000000E621------------,129.0,132.0,136.0,127.0,129.0,0.0,4634500,603907700,791,66.2,129,528700,128,99600,4765571897,2543246897,1121811292,461700,466700,0,0,0
2025-09-15,VERN,Verona Indah Pictures Tbk.,--UO2130000000E621------------,123.0,123.0,133.0,123.0,129.0,6.0,8127100,1046603700,1003,66.2,130,133500,129,3800,4765571863,2543246863,1121811292,398900,856700,0,0,0
2025-09-12,VERN,Verona Indah Pictures Tbk.,--UO2130000000E621------------,125.0,125.0,127.0,121.0,123.0,-2.0,2554700,315162500,394,63.1,125,64400,123,267000,4765571663,2543246663,1121811292,361000,343900,0,0,0
2025-09-11,VERN,Verona Indah Pictures Tbk.,--UO2130000000E621------------,127.0,129.0,130.0,123.0,125.0,-2.0,5437800,683589400,690,64.1,126,19900,125,14100,4765571663,2543246663,1121811292,371500,726700,0,0,0
2025-09-10,VERN,Verona Indah Pictures Tbk.,--UO2130000000E621------------,127.0,127.0,132.0,121.0,127.0,0.0,10284900,1290095000,1122,65.1,127,155600,126,15100,4765570953,2543245953,1121811292,1200800,237600,0,0,0
2025-09-09,VERN,Verona Indah Pictures Tbk.,--UO2130000000E621------------,128.0,128.0,131.0,121.0,127.0,-1.0,4482100,559618700,730,65.1,127,241100,126,1100,4765570693,2543245693,1121811292,281200,178900,0,0,0
2025-09-08,VERN,Verona Indah Pictures Tbk.,--UO2130000000E621------------,132.0,136.0,138.0,125.0,128.0,-4.0,10100800,1322132300,1984,65.6,128,71900,126,49500,4765570564,2543245564,1121811292,419800,452800,0,0,0
2025-09-04,VERN,Verona Indah Pictures Tbk.,--UO2130000000E621------------,142.0,142.0,142.0,132.0,132.0,-10.0,14610600,1988738400,2295,67.7,133,2300,132,213400,4765568014,2543243014,1121811292,979100,132900,0,0,0
2025-09-03,VERN,Verona Indah Pictures Tbk.,--UO2130000000E621------------,120.0,120.0,152.0,120.0,142.0,22.0,108169100,15389815700,10640,72.8,143,131400,142,6400,4765567914,2543242914,1121811292,7315000,9212700,0,0,0
2025-09-02,VERN,Verona Indah Pictures Tbk.,--UO2130000000E621------------,117.0,118.0,125.0,117.0,120.0,3.0,12136900,1464916400,1204,61.5,121,150200,120,87400,4765567914,2543242914,1121811292,1235800,466500,0,0,0
2025-09-01,VERN,Verona Indah Pictures Tbk.,--UO2130000000E621------------,118.0,113.0,118.0,106.0,117.0,-1.0,4836400,548344600,817,60.0,117,30600,116,210500,4765567764,2543242764,1121811292,100200,257300,0,0,0
2025-08-29,VERN,Verona Indah Pictures Tbk.,--UO2130000000E621------------,121.0,123.0,123.0,114.0,118.0,-3.0,12511600,1476259500,1710,60.5,118,19500,117,252800,4765567414,2543242414,1121811292,667100,807700,0,0,0
2025-08-28,VERN,Verona Indah Pictures Tbk.,--UO2130000000E621------------,138.0,138.0,138.0,118.0,121.0,-17.0,48885600,5967014100,4107,62.1,122,247000,121,120000,4765567313,2543242313,1121811292,0,489600,0,0,0
2025-08-27,VERN,Verona Indah Pictures Tbk.,--UO2130000000E621------------,136.0,136.0,138.0,132.0,138.0,2.0,2912800,392617100,303,70.8,138,148500,135,400,4765567163,2543242163,1121811292,0,0,0,0,0
2025-08-26,VERN,Verona Indah Pictures Tbk.,--UO2130000000E621------------,142.0,141.0,144.0,133.0,136.0,-6.0,5949000,819340200,497,69.7,136,391800,135,63200,4765566913,2543241913,1121811292,0,0,0,0,0
2025-08-25,VERN,Verona Indah Pictures Tbk.,--UO2130000000E621------------,142.0,143.0,143.0,139.0,142.0,0.0,2101300,294160700,260,72.8,142,104700,141,11100,4765566913,2543241913,1121811292,0,0,0,0,0
2025-08-22,VERN,Verona Indah Pictures Tbk.,--UO2130000000E621------------,138.0,141.0,149.0,138.0,142.0,4.0,5099600,731319900,522,72.8,142,80700,141,11700,4765566719,2543241719,1121811292,0,0,0,0,0
2025-08-21,VERN,Verona Indah Pictures Tbk.,--UO2130000000E621------------,148.0,145.0,146.0,138.0,138.0,-10.0,5390400,764927100,549,70.8,140,800,138,96100,4765566613,2543241613,1121811292,315200,145700,0,0,0
2025-08-20,VERN,Verona Indah Pictures Tbk.,--UO2130000000E621------------,150.0,150.0,152.0,141.0,148.0,-2.0,4728700,683838100,397,75.9,148,174900,145,5000,4765566563,2543241563,1121811292,0,71500,0,0,0
2025-08-19,VERN,Verona Indah Pictures Tbk.,--UO2130000000E621------------,154.0,154.0,155.0,148.0,150.0,-4.0,1676900,251519100,236,76.9,150,120600,149,27900,4765566363,2543241363,1121811292,61300,0,0,0,0
2025-08-15,VERN,Verona Indah Pictures Tbk.,--UO2130000000E621------------,156.0,155.0,158.0,152.0,154.0,-2.0,621800,95705400,140,79.0,154,120500,152,23300,4765566112,2543241112,1121811292,51600,0,0,0,0
2025-08-14,VERN,Verona Indah Pictures Tbk.,--UO2130000000E621------------,153.0,155.0,159.0,152.0,156.0,3.0,516200,79650100,147,80.0,156,62700,154,100,4765565162,2543240162,1121811292,58200,52200,0,0,0
2025-08-13,VERN,Verona Indah Pictures Tbk.,--UO2130000000E621------------,154.0,157.0,157.0,153.0,153.0,-1.0,458700,70816100,173,78.5,154,4500,153,20800,4765565112,2543240112,1121811292,0,0,0,0,0
2025-08-12,VERN,Verona Indah Pictures Tbk.,--UO2130000000E621------------,149.0,148.0,162.0,148.0,154.0,5.0,1551800,240593400,495,79.0,154,20900,153,28000,4765565012,2543240012,1121811292,89500,179000,0,0,0
2025-08-11,VERN,Verona Indah Pictures Tbk.,--UO2130000000E621------------,156.0,156.0,158.0,149.0,149.0,-7.0,1105300,167619100,166,76.4,153,23200,149,29800,4765564662,2543239662,1121811292,32500,37100,0,0,0
2025-08-08,VERN,Verona Indah Pictures Tbk.,--UO2130000000E621------------,159.0,159.0,164.0,151.0,156.0,-3.0,2785500,437581600,380,80.0,156,266800,154,61400,4765564662,2543239662,1121811292,375500,0,0,0,0
2025-08-07,VERN,Verona Indah Pictures Tbk.,--UO2130000000E621------------,162.0,162.0,162.0,158.0,159.0,-3.0,1512800,241760400,237,81.5,159,1700,158,97000,4765564512,2543239512,1121811292,5000,0,0,0,0
2025-08-06,VERN,Verona Indah Pictures Tbk.,--UO2130000000E621------------,160.0,162.0,162.0,159.0,162.0,2.0,765500,122825500,157,83.1,162,23200,160,37500,4765563251,2543238251,1121811292,66200,0,0,0,0
2025-08-05,VERN,Verona Indah Pictures Tbk.,--UO2130000000E621------------,162.0,163.0,163.0,159.0,160.0,-2.0,2557500,410943500,342,82.1,162,11200,160,2900,4765563251,2543238251,1121811292,5000,54900,2000000,216000000,1
2025-08-04,VERN,Verona Indah Pictures Tbk.,--UO2130000000E621------------,163.0,164.0,167.0,162.0,162.0,-1.0,2517000,411608700,356,83.1,162,39800,161,51300,4765562351,2543237351,1121811292,0,36600,0,0,0
2025-08-01,VERN,Verona Indah Pictures Tbk.,--UO2130000000E621------------,167.0,167.0,170.0,159.0,163.0,-4.0,5178600,851638700,714,83.6,164,25300,163,700,4765562101,2543237101,1121811292,196500,315500,0,0,0
2025-07-31,VERN,Verona Indah Pictures Tbk.,--MO2130000000E621------------,170.0,170.0,170.0,163.0,167.0,-3.0,2945800,490957000,731,85.6,167,161000,166,10000,4765561821,2543236821,1121811292,351900,119300,0,0,0
2025-07-30,VERN,Verona Indah Pictures Tbk.,--MO2130000000E621------------,176.0,178.0,181.0,168.0,170.0,-6.0,11195800,1949141900,1537,87.2,170,12100,169,71300,4765561821,2543236821,1121811292,604200,908900,0,0,0
2025-07-29,VERN,Verona Indah Pictures Tbk.,--MO2130000000E621------------,151.0,149.0,181.0,141.0,176.0,25.0,18372800,3082914200,2311,90.3,176,397400,170,5000,4765561499,2543236499,1121811292,1175100,410300,0,0,0
2025-07-28,VERN,Verona Indah Pictures Tbk.,--MO2130000000E621------------,154.0,163.0,165.0,147.0,151.0,-3.0,3704400,570632900,824,77.4,151,54400,150,6000,4765561398,2543236398,1121811292,150000,280700,0,0,0
2025-07-25,VERN,Verona Indah Pictures Tbk.,--MO2130000000E621------------,158.0,163.0,178.0,144.0,154.0,-4.0,23528400,3769529500,3397,79.0,154,424700,150,2000,4765561238,2543236238,1121811292,1142600,1423400,0,0,0
2025-07-24,VERN,Verona Indah Pictures Tbk.,--MO2130000000E621------------,119.0,120.0,160.0,117.0,158.0,39.0,35962800,5122669300,4584,81.0,158,1181900,157,200,4765561038,2543236038,1121811292,1828300,2080500,0,0,0
2025-07-23,VERN,Verona Indah Pictures Tbk.,--MO2130000000E621------------,118.0,118.0,133.0,115.0,119.0,1.0,12058800,1483660100,1335,61.0,119,354700,118,137400,4765560688,2543235688,1121811292,988200,358600,0,0,0
2025-07-22,VERN,Verona Indah Pictures Tbk.,--MO2130000000E621------------,118.0,118.0,120.0,116.0,118.0,0.0,1354800,159662700,325,60.5,118,202000,117,25600,4765560488,2543235488,1121811292,1600,10600,0,0,0
2025-07-21,VERN,Verona Indah Pictures Tbk.,--MO2130000000E621------------,119.0,119.0,120.0,118.0,118.0,-1.0,622700,73868800,161,60.5,119,65000,118,225300,4765560238,2543235238,1121811292,0,300,0,0,0
2025-07-18,VERN,Verona Indah Pictures Tbk.,--MO2130000000E621------------,121.0,0.0,123.0,118.0,119.0,-2.0,1439700,171464600,205,61.0,120,10100,119,107000,4765559772,2543234772,1121811292,700,1300,0,0,0
2025-07-17,VERN,Verona Indah Pictures Tbk.,--MO2130000000E621------------,121.0,121.0,123.0,119.0,121.0,0.0,1293500,155672200,491,62.1,121,79700,119,23300,4765559702,2543234702,1121811292,4500,2600,0,0,0
2025-07-16,VERN,Verona Indah Pictures Tbk.,--MO2130000000E621------------,122.0,123.0,124.0,120.0,121.0,-1.0,782200,95704300,310,62.1,122,109400,121,49900,4765555903,2543230903,1121811292,300,1300,0,0,0
2025-07-15,VERN,Verona Indah Pictures Tbk.,--MO2130000000E621------------,120.0,0.0,124.0,116.0,122.0,2.0,2413500,287790600,349,62.6,122,124300,120,31400,4765555590,2543230590,1121811292,2100,2100,0,0,0
2025-07-14,VERN,Verona Indah Pictures Tbk.,--MO2130000000E621------------,120.0,121.0,121.0,118.0,120.0,0.0,1085200,129175200,221,61.5,120,88600,118,228400,4765555340,2543230340,1121811292,6200,57400,0,0,0
2025-07-11,VERN,Verona Indah Pictures Tbk.,--MO2130000000E621------------,120.0,119.0,121.0,118.0,120.0,0.0,2891900,347049900,247,61.5,120,464900,119,41900,4765555140,2543230140,1121811292,8700,13100,0,0,0
2025-07-10,VERN,Verona Indah Pictures Tbk.,--MO2130000000E621------------,121.0,120.0,122.0,120.0,120.0,-1.0,518800,62447300,97,61.5,120,27400,119,55000,4765554698,2543229698,1121811292,0,0,0,0,0
2025-07-09,VERN,Verona Indah Pictures Tbk.,--MO2130000000E621------------,119.0,119.0,122.0,119.0,121.0,2.0,449200,54074600,185,62.1,121,51800,120,72600,4765554539,2543229539,1121811292,1400,57800,0,0,0
2025-07-08,VERN,Verona Indah Pictures Tbk.,--MO2130000000E621------------,120.0,0.0,121.0,118.0,119.0,-1.0,516400,61475100,87,61.0,119,16100,118,32600,4765554388,2543229388,1121811292,500,1000,0,0,0
2025-07-07,VERN,Verona Indah Pictures Tbk.,--MO2130000000E621------------,121.0,124.0,124.0,115.0,120.0,-1.0,1201400,143100400,208,61.5,120,46000,118,104600,4765554338,2543229338,1121811292,7400,32700,0,0,0
2025-07-04,VERN,Verona Indah Pictures Tbk.,--MO2130000000E621------------,119.0,120.0,122.0,118.0,121.0,2.0,330900,39932000,68,62.1,122,6000,121,187600,4765554338,2543229338,1121811292,900,900,0,0,0
2025-07-03,VERN,Verona Indah Pictures Tbk.,--MO2130000000E621------------,120.0,123.0,123.0,118.0,119.0,-1.0,696000,82921900,218,61.0,120,513500,119,106500,4765554238,2543229238,1121811292,3800,7500,0,0,0
2025-07-02,VERN,Verona Indah Pictures Tbk.,--MO2130000000E621------------,126.0,125.0,126.0,120.0,120.0,-6.0,1772500,216144500,249,61.5,120,1400,119,103300,4765554138,2543229138,1121811292,1300,1800,0,0,0
2025-07-01,VERN,Verona Indah Pictures Tbk.,--MO2130000000E621------------,128.0,128.0,128.0,124.0,126.0,-2.0,1502000,188264900,202,64.6,126,19000,125,48700,4765554088,2543229088,1121811292,2500,14600,0,0,0
2025-06-30,VERN,Verona Indah Pictures Tbk.,--MO2130000000E621------------,128.0,127.0,130.0,124.0,128.0,0.0,1306600,164581700,254,65.6,128,238100,125,24000,4765553988,2543228988,1121804585,9500,75000,0,0,0
2025-06-26,VERN,Verona Indah Pictures Tbk.,--MO2130000000E621------------,127.0,126.0,133.0,120.0,128.0,1.0,3159900,396421400,444,65.6,128,171700,126,8000,4765553838,2543228838,1121804585,9600,82400,0,0,0
2025-06-25,VERN,Verona Indah Pictures Tbk.,--MO2130000000E621------------,130.0,130.0,136.0,124.0,127.0,-3.0,9332600,1213817000,923,65.1,127,56800,126,5600,4765553838,2543228838,1121804585,458100,742700,0,0,0
2025-06-24,VERN,Verona Indah Pictures Tbk.,--MO2130000000E621------------,118.0,118.0,143.0,116.0,130.0,12.0,23985400,3203552800,3390,66.7,130,827800,129,21200,4765553743,2543228743,1121804585,1588200,614900,0,0,0
2025-06-23,VERN,Verona Indah Pictures Tbk.,--MO2130000000E621------------,118.0,118.0,120.0,114.0,118.0,0.0,1880400,219492100,343,60.5,118,365500,116,40800,4765553643,2543228643,1121804585,7100,7900,0,0,0
2025-06-20,VERN,Verona Indah Pictures Tbk.,--MO2130000000E621------------,121.0,120.0,123.0,118.0,118.0,-3.0,3066300,368579500,705,60.5,120,21000,118,213800,4765553493,2543228493,1121804585,27200,4400,0,0,0
2025-06-19,VERN,Verona Indah Pictures Tbk.,--MO2130000000E621------------,114.0,114.0,123.0,112.0,121.0,7.0,8870000,1047968600,1169,62.1,121,566000,117,48800,4765553493,2543228493,1121804585,344500,79700,0,0,0
2025-06-18,VERN,Verona Indah Pictures Tbk.,--MO2130000000E621------------,113.0,113.0,114.0,111.0,114.0,1.0,989900,111222600,139,58.5,114,122400,113,38100,4765553283,2543228283,1121804585,16200,400,550000,16500000,1
2025-06-17,VERN,Verona Indah Pictures Tbk.,--MO2130000000E621------------,110.0,110.0,114.0,109.0,113.0,3.0,1663600,187344700,187,57.9,113,146000,112,42600,4765553081,2543228081,1121804585,800,1600,0,0,0
2025-06-16,VERN,Verona Indah Pictures Tbk.,--MO2130000000E621------------,110.0,110.0,111.0,108.0,110.0,0.0,205600,22558500,50,56.4,110,900,109,2500,4765552830,2543227830,1121804585,800,1600,0,0,0
2025-06-13,VERN,Verona Indah Pictures Tbk.,--MO2130000000E621------------,110.0,108.0,111.0,108.0,110.0,0.0,171200,18608600,65,56.4,110,20800,108,58100,4765552580,2543227580,1121804585,1100,0,0,0,0
2025-06-12,VERN,Verona Indah Pictures Tbk.,--MO2130000000E621------------,111.0,110.0,111.0,108.0,110.0,-1.0,341700,37254900,86,56.4,110,11600,109,500,4765552437,2543227437,1121804585,900,1200,0,0,0
2025-06-11,VERN,Verona Indah Pictures Tbk.,--MO2130000000E621------------,109.0,109.0,111.0,109.0,111.0,2.0,144900,15818900,56,56.9,111,139300,110,14500,4765552337,2543227337,1121804585,900,300,0,0,0
2025-06-10,VERN,Verona Indah Pictures Tbk.,--MO2130000000E621------------,113.0,110.0,113.0,107.0,109.0,-4.0,910400,100382600,178,55.9,110,10500,109,46500,4765552287,2543227287,1121804585,9400,4400,0,0,0
2025-06-05,VERN,Verona Indah Pictures Tbk.,--MO2130000000E621------------,110.0,110.0,113.0,109.0,113.0,3.0,526600,58544700,97,57.9,113,453200,111,10000,4765551687,2543226687,1121804585,3100,1300,0,0,0
2025-06-04,VERN,Verona Indah Pictures Tbk.,--MO2130000000E621------------,113.0,113.0,113.0,110.0,110.0,-3.0,687400,76599000,143,56.4,112,158800,110,5800,4765550787,2543225787,1121804585,1900,2800,0,0,0
2025-06-03,VERN,Verona Indah Pictures Tbk.,--MO2130000000E621------------,113.0,113.0,113.0,111.0,113.0,0.0,594600,66756000,90,57.9,113,181400,112,117400,4765550680,2543225680,1121804585,400,2600,0,0,0
2025-06-02,VERN,Verona Indah Pictures Tbk.,--MO2130000000E621------------,108.0,108.0,115.0,107.0,113.0,5.0,3241700,358681400,278,57.9,113,193900,109,45100,4765549930,2543224930,1121804585,71900,5500,0,0,0
2025-05-28,VERN,Verona Indah Pictures Tbk.,--MO2130000000E621------------,112.0,112.0,112.0,108.0,108.0,-4.0,858000,93742900,126,55.4,109,2500,108,125900,4765549730,1121674730,1121804585,8200,1700,0,0,0
2025-05-27,VERN,Verona Indah Pictures Tbk.,--MO2130000000E621------------,112.0,112.0,114.0,110.0,112.0,0.0,2170800,242897100,275,57.4,112,600700,110,52800,4765549630,1121674630,1121804585,9200,2800,250,48750,1
2025-05-26,VERN,Verona Indah Pictures Tbk.,--MO2130000000E621------------,108.0,108.0,113.0,106.0,112.0,4.0,3755200,409435500,407,57.4,112,403700,111,1100,4765549530,1121674530,1121804585,211700,11800,0,0,0
2025-05-23,VERN,Verona Indah Pictures Tbk.,--MO2130000000E621------------,102.0,101.0,110.0,100.0,108.0,6.0,2195300,230788900,236,55.4,108,123400,107,500000,4765549330,1121674330,1121804585,26600,3000,0,0,0
2025-05-22,VERN,Verona Indah Pictures Tbk.,--MO2130000000E621------------,103.0,103.0,103.0,101.0,102.0,-1.0,432000,43968200,192,52.3,103,380800,102,121700,4765548644,1121673644,1121804585,700,1200,0,0,0
2025-05-21,VERN,Verona Indah Pictures Tbk.,--MO2130000000E621------------,103.0,103.0,103.0,99.0,103.0,0.0,1318200,133558800,252,52.8,103,34900,101,32000,4765547644,1121672644,1121804585,3000,3800,0,0,0
2025-05-20,VERN,Verona Indah Pictures Tbk.,--MO2130000000E621------------,104.0,104.0,106.0,103.0,103.0,-1.0,1428600,148788600,217,52.8,104,30000,103,223700,4765546949,1121671949,1121804585,1300,900,0,0,0
2025-05-19,VERN,Verona Indah Pictures Tbk.,--MO2130000000E621------------,104.0,104.0,105.0,103.0,104.0,0.0,940000,97320000,222,53.3,104,185200,103,92600,4765546148,1121671148,1121804585,900,1300,0,0,0
2025-05-16,VERN,Verona Indah Pictures Tbk.,--MO2130000000E621------------,107.0,107.0,107.0,104.0,104.0,-3.0,1236900,130261100,185,53.3,106,141300,104,166300,4765545698,1121670698,1121804585,1500,800,0,0,0
2025-05-15,VERN,Verona Indah Pictures Tbk.,--MO2130000000E621------------,109.0,109.0,110.0,105.0,107.0,-2.0,2405300,256707300,379,54.9,107,194200,105,10300,4765545446,1121670446,1121804585,3900,4600,0,0,0
2025-05-14,VERN,Verona Indah Pictures Tbk.,--MO2130000000E621------------,104.0,106.0,114.0,102.0,109.0,5.0,8821200,960493800,1158,55.9,109,61400,108,6500,4765545345,1121670345,1121804585,417900,6000,0,0,0
2025-05-09,VERN,Verona Indah Pictures Tbk.,--MO2130000000E621------------,104.0,104.0,107.0,101.0,104.0,0.0,1970200,203967300,231,53.3,104,81300,103,105800,4765544495,1121669495,1121804585,2000,6300,0,0,0
2025-05-08,VERN,Verona Indah Pictures Tbk.,--MO2130000000E621------------,102.0,102.0,104.0,99.0,104.0,2.0,2908200,291522400,444,53.3,104,126100,102,100,4765544380,1121669380,1121804585,2700,2700,0,0,0
2025-05-07,VERN,Verona Indah Pictures Tbk.,--MO2130000000E621------------,106.0,107.0,108.0,102.0,102.0,-4.0,3556400,367276800,503,52.3,102,343200,101,1013600,4765544230,1121669230,1121804585,302200,3200,0,0,0
2025-05-06,VERN,Verona Indah Pictures Tbk.,--MO2130000000E621------------,94.0,95.0,113.0,93.0,106.0,12.0,19681600,2062128900,3155,54.4,106,24100,105,181700,4765543807,1121668807,1121804585,944300,71800,0,0,0
2025-05-05,VERN,Verona Indah Pictures Tbk.,--MO2130000000E621------------,96.0,96.0,96.0,93.0,94.0,-2.0,698800,65919000,172,48.2,95,86900,94,15700,4765543505,1121668505,1121804585,4800,4800,0,0,0
2025-05-02,VERN,Verona Indah Pictures Tbk.,--MO2130000000E621------------,94.0,94.0,97.0,93.0,96.0,2.0,685500,64975700,125,49.2,96,85200,94,6700,4765543355,1121668355,1121804585,12700,700,0,0,0
2025-04-30,VERN,Verona Indah Pictures Tbk.,--MO2130000000E621------------,96.0,96.0,97.0,93.0,94.0,-2.0,923100,87900900,191,48.2,95,80300,94,28800,4765543229,1121668229,1121804585,155300,2200,0,0,0
2025-04-29,VERN,Verona Indah Pictures Tbk.,--MO2130000000E621------------,93.0,94.0,98.0,92.0,96.0,3.0,2288900,217501200,411,49.2,96,163300,95,9800,4765542979,1121667979,1121804585,1900,1800,0,0,0
2025-04-28,VERN,Verona Indah Pictures Tbk.,--MO2130000000E621------------,92.0,92.0,94.0,91.0,93.0,1.0,855900,78852600,208,47.7,93,79100,92,10000,4765542029,1121667029,1121804585,800,900,0,0,0
2025-04-25,VERN,Verona Indah Pictures Tbk.,--MO2130000000E621------------,90.0,90.0,99.0,90.0,92.0,2.0,6108200,564991200,677,47.2,92,19800,91,23200,4765541779,1121666779,1121804585,39000,9100,0,0,0
2025-04-24,VERN,Verona Indah Pictures Tbk.,--MO2130000000E621------------,90.0,90.0,93.0,90.0,90.0,0.0,754300,68441100,180,46.2,91,199900,90,21400,4765540379,1121665379,1121804585,1700,1700,0,0,0
2025-04-23,VERN,Verona Indah Pictures Tbk.,--MO2130000000E621------------,91.0,90.0,93.0,89.0,90.0,-1.0,523500,47627900,178,46.2,91,20400,90,15900,4765540279,1121665279,1121804585,2000,900,0,0,0
2025-04-22,VERN,Verona Indah Pictures Tbk.,--MO2130000000E621------------,91.0,91.0,93.0,89.0,91.0,0.0,609500,54817000,176,46.7,91,79900,90,66800,4765539279,1121664279,1121804585,0,0,0,0,0
2025-04-21,VERN,Verona Indah Pictures Tbk.,--MO2130000000E621------------,93.0,91.0,92.0,89.0,91.0,-2.0,320000,28895500,132,46.7,92,129900,91,79900,4765531679,1121656679,1121804585,1200,2200,0,0,0
2025-04-17,VERN,Verona Indah Pictures Tbk.,--MO2130000000E621------------,94.0,91.0,94.0,90.0,93.0,-1.0,268400,24591900,146,47.7,93,124500,91,85700,4765530737,1121655737,1121804585,1400,1800,0,0,0
2025-04-16,VERN,Verona Indah Pictures Tbk.,--MO2130000000E621------------,95.0,0.0,95.0,85.0,94.0,-1.0,1314300,119216200,340,48.2,94,53600,91,300,4765530387,1121655387,1121804585,3900,3900,0,0,0
2025-04-15,VERN,Verona Indah Pictures Tbk.,--MO2130000000E621------------,95.0,95.0,96.0,92.0,95.0,0.0,401400,37842000,122,48.7,95,20200,92,61400,4765528189,1121653189,1121804585,1300,500,0,0,0
2025-04-14,VERN,Verona Indah Pictures Tbk.,--MO2130000000E621------------,90.0,0.0,101.0,91.0,95.0,5.0,1176600,111000500,400,48.7,95,16000,92,5000,4765527538,1121652538,1121804585,2800,2800,0,0,0
2025-04-11,VERN,Verona Indah Pictures Tbk.,--MO2130000000E621------------,91.0,88.0,93.0,87.0,90.0,-1.0,493600,44655600,134,46.2,91,3000,90,6400,4765527380,1121652380,1121804585,1000,1000,0,0,0
2025-04-10,VERN,Verona Indah Pictures Tbk.,--MO2130000000E621------------,83.0,84.0,91.0,82.0,91.0,8.0,2284300,194252800,406,46.7,87,20200,85,3700,4765525050,1121650050,1121804585,4600,4000,0,0,0
2025-04-09,VERN,Verona Indah Pictures Tbk.,--MO2130000000E621------------,84.0,82.0,102.0,79.0,83.0,-1.0,5477400,499548600,944,42.6,83,50300,82,2000,4765525000,1121650000,1121804585,462000,13500,0,0,0
2025-04-08,VERN,Verona Indah Pictures Tbk.,--MO2130000000E621------------,90.0,85.0,86.0,77.0,84.0,-6.0,2020400,163882400,182,43.1,85,1000,82,500,4765525000,1121650000,1121804585,26800,1500,0,0,0
2025-03-27,VERN,Verona Indah Pictures Tbk.,--MO2130000000E621------------,89.0,91.0,93.0,90.0,90.0,1.0,455400,41402700,141,46.2,90,9000,89,243000,4765525000,1121650000,1121804585,93200,500,0,0,0
2025-03-26,VERN,Verona Indah Pictures Tbk.,--MO2130000000E621------------,88.0,87.0,94.0,87.0,89.0,1.0,239100,21282300,100,45.6,90,5600,89,41900,4765525000,1121650000,1121804585,2400,0,300,26400,1
2025-03-25,VERN,Verona Indah Pictures Tbk.,--MO2130000000E621------------,88.0,88.0,93.0,85.0,88.0,0.0,523700,45811300,126,45.1,90,167100,87,37800,4765525000,1121650000,1121804585,0,0,0,0,0
2025-03-24,VERN,Verona Indah Pictures Tbk.,--MO2130000000E621------------,94.0,95.0,95.0,85.0,88.0,-6.0,793200,71441900,162,45.1,89,2700,88,42500,4765525000,1121650000,1121804585,185200,0,0,0,0
2025-03-21,VERN,Verona Indah Pictures Tbk.,--MO2130000000E621------------,95.0,98.0,98.0,92.0,94.0,-1.0,619300,58333000,166,48.2,94,94900,93,66900,4765525000,1121650000,1121804585,0,0,0,0,0
2025-03-20,VERN,Verona Indah Pictures Tbk.,--MO2130000000E621------------,96.0,98.0,98.0,91.0,95.0,-1.0,1135300,106156400,130,48.7,95,4300,94,500,4765525000,1121650000,1121804585,0,418400,20200,1171600,1
2025-03-19,VERN,Verona Indah Pictures Tbk.,--MO2130000000E621------------,97.0,97.0,97.0,88.0,96.0,-1.0,822100,77006400,258,49.2,97,100100,96,10200,4765525000,1121650000,1121804585,0,0,0,0,0
2025-03-18,VERN,Verona Indah Pictures Tbk.,--MO2130000000E621------------,101.0,101.0,104.0,90.0,97.0,-4.0,2028300,196167800,387,49.7,97,27500,95,2000,4765525000,1121650000,1121804585,0,0,0,0,0
2025-03-17,VERN,Verona Indah Pictures Tbk.,--MO2130000000E621------------,103.0,104.0,105.0,100.0,101.0,-2.0,523200,53066800,173,51.8,101,35500,100,340100,4765525000,1121650000,1121804585,0,0,0,0,0
2025-03-14,VERN,Verona Indah Pictures Tbk.,--MO2130000000E621------------,104.0,105.0,109.0,101.0,103.0,-1.0,628700,64703300,163,52.8,103,16000,101,94100,4765525000,1121650000,1121804585,0,0,0,0,0
2025-03-13,VERN,Verona Indah Pictures Tbk.,--MO2130000000E621------------,103.0,103.0,105.0,102.0,104.0,1.0,346100,35678100,100,53.3,104,31200,102,106700,4765525000,1121650000,1121804585,0,0,0,0,0
2025-03-12,VERN,Verona Indah Pictures Tbk.,--MO2130000000E621------------,103.0,103.0,107.0,101.0,103.0,0.0,883800,90144700,183,52.8,103,16400,102,900,4765525000,1121650000,1121804585,0,166100,0,0,0
2025-03-11,VERN,Verona Indah Pictures Tbk.,--MO2130000000E621------------,104.0,107.0,107.0,102.0,103.0,-1.0,532200,55043900,187,52.8,104,497700,102,50700,4765525000,1121650000,1121804585,0,0,0,0,0
2025-03-10,VERN,Verona Indah Pictures Tbk.,--MO2130000000E621------------,103.0,105.0,111.0,103.0,104.0,1.0,1679900,179924700,346,53.3,107,71600,104,31900,4765525000,1121650000,1121804585,0,0,0,0,0
2025-03-07,VERN,Verona Indah Pictures Tbk.,--MO2130000000E621------------,107.0,107.0,107.0,101.0,103.0,-4.0,1129200,117517900,267,52.8,106,101600,103,23200,4765525000,1121650000,1121804585,0,140700,0,0,0
2025-03-06,VERN,Verona Indah Pictures Tbk.,--MO2130000000E621------------,100.0,100.0,107.0,100.0,107.0,7.0,953400,98503100,294,54.9,107,132800,101,73800,4765525000,1121650000,1121804585,0,113200,0,0,0
2025-03-05,VERN,Verona Indah Pictures Tbk.,--MO2130000000E621------------,101.0,102.0,102.0,99.0,100.0,-1.0,602800,60301500,140,51.3,101,123400,100,281600,4765525000,1121650000,1121804585,0,0,0,0,0
2025-03-04,VERN,Verona Indah Pictures Tbk.,--MO2130000000E621------------,102.0,103.0,105.0,99.0,101.0,-1.0,3072500,310434600,236,51.8,102,95500,101,13500,4765525000,1121650000,1121804585,0,0,0,0,0
2025-03-03,VERN,Verona Indah Pictures Tbk.,--MO2130000000E621------------,101.0,102.0,110.0,98.0,102.0,1.0,2952800,303373000,568,52.3,103,1700,102,56000,4765525000,1121650000,1121804585,100400,0,0,0,0
2025-02-28,VERN,Verona Indah Pictures Tbk.,--MO2130000000E621------------,113.0,113.0,113.0,101.0,101.0,-12.0,3851300,414944700,370,51.8,102,33500,101,31600,4765525000,1121650000,1121804585,91400,0,0,0,0
2025-02-27,VERN,Verona Indah Pictures Tbk.,--MO2130000000E621------------,110.0,111.0,120.0,110.0,113.0,3.0,5885600,668112700,634,57.9,113,144100,112,150000,4765525000,1121650000,1121804585,210500,521300,0,0,0
2025-02-26,VERN,Verona Indah Pictures Tbk.,--MO2130000000E621------------,110.0,110.0,120.0,110.0,110.0,0.0,3000700,341030200,829,56.4,111,5000,110,535000,4765525000,1121650000,1121804585,86500,0,0,0,0
2025-02-25,VERN,Verona Indah Pictures Tbk.,--MO2130000000E621------------,114.0,114.0,115.0,109.0,110.0,-4.0,3202600,354002500,758,56.4,111,35000,110,499600,4765525000,1121650000,1121804585,0,0,0,0,0
2025-02-24,VERN,Verona Indah Pictures Tbk.,--MO2130000000E621------------,114.0,114.0,116.0,113.0,114.0,0.0,940600,106935000,190,58.5,115,150400,114,10000,4765525000,1121650000,1121804585,0,112700,0,0,0
2025-02-21,VERN,Verona Indah Pictures Tbk.,--MO2130000000E621------------,118.0,118.0,119.0,114.0,114.0,-4.0,1852000,213998500,300,58.5,115,10600,114,88700,4765525000,1121650000,1121804585,0,5000,0,0,0
2025-02-20,VERN,Verona Indah Pictures Tbk.,--MO2130000000E621------------,120.0,116.0,121.0,113.0,118.0,-2.0,2900900,336446500,609,60.5,118,31300,117,75500,4765525000,1121650000,1121804585,0,5000,0,0,0
2025-02-19,VERN,Verona Indah Pictures Tbk.,--MO2130000000E621------------,121.0,122.0,123.0,119.0,120.0,-1.0,1373700,165345000,242,61.5,122,31700,120,100,4765525000,1121650000,1121804585,0,0,0,0,0
2025-02-18,VERN,Verona Indah Pictures Tbk.,--MO2130000000E621------------,120.0,119.0,123.0,119.0,121.0,1.0,2038500,246443000,325,62.1,121,28600,120,104800,4765525000,1121650000,1121804585,0,522500,0,0,0
2025-02-17,VERN,Verona Indah Pictures Tbk.,--MO2130000000E621------------,119.0,119.0,128.0,112.0,120.0,1.0,9518100,1149801500,1911,61.5,123,11600,120,234800,4765525000,1121650000,1121804585,177600,685500,0,0,0
2025-02-14,VERN,Verona Indah Pictures Tbk.,--MO2130000000E621------------,105.0,106.0,136.0,104.0,119.0,14.0,56013200,7055681800,10384,61.0,119,283800,118,240800,4765525000,1121650000,1121804585,3104000,1931300,0,0,0
2025-02-13,VERN,Verona Indah Pictures Tbk.,--MO2130000000E621------------,106.0,106.0,106.0,100.0,105.0,-1.0,1635400,169205600,392,53.8,105,1900,104,14100,4765525000,1121650000,1121804585,0,287000,0,0,0
2025-02-12,VERN,Verona Indah Pictures Tbk.,--MO2130000000E621------------,107.0,108.0,109.0,103.0,106.0,-1.0,651900,68296400,176,54.4,106,80700,105,2900,4765525000,1121650000,1121804585,0,0,0,0,0
2025-02-11,VERN,Verona Indah Pictures Tbk.,--MO2130000000E621------------,112.0,112.0,113.0,98.0,107.0,-5.0,15096200,1568724500,1080,54.9,107,800,106,255600,4765525000,1121650000,1121804585,109900,1530600,0,0,0
2025-02-10,VERN,Verona Indah Pictures Tbk.,--MO2130000000E621------------,123.0,123.0,123.0,112.0,112.0,-11.0,2179400,252817300,460,57.4,112,107300,111,53900,4765525000,1121650000,1121804585,202400,0,0,0,0
2025-02-07,VERN,Verona Indah Pictures Tbk.,--MO2130000000E621------------,123.0,125.0,126.0,120.0,123.0,0.0,1070800,130961200,263,63.1,123,36300,122,100,4765525000,1121650000,1121804585,99900,0,0,0,0
2025-02-06,VERN,Verona Indah Pictures Tbk.,--MO2130000000E621------------,129.0,127.0,129.0,123.0,123.0,-6.0,1849100,233044400,315,63.1,125,100,123,102500,4765525000,1121650000,1121804585,356000,0,0,0,0
2025-02-05,VERN,Verona Indah Pictures Tbk.,--MO2130000000E621------------,130.0,130.0,131.0,127.0,129.0,-1.0,2100400,271033500,1141,66.2,129,198900,127,32000,4765525000,1121650000,1121804585,0,0,0,0,0
2025-02-04,VERN,Verona Indah Pictures Tbk.,--MO2130000000E621------------,128.0,127.0,131.0,127.0,130.0,2.0,5433800,699552700,3220,66.7,130,3500,128,27000,4765525000,1121650000,1121804585,92100,53200,0,0,0
2025-02-03,VERN,Verona Indah Pictures Tbk.,--MO2130000000E621------------,128.0,127.0,129.0,127.0,128.0,0.0,2484900,317627000,2348,65.6,128,16000,127,105600,4765525000,1121650000,1121804585,0,0,0,0,0
2025-01-31,VERN,Verona Indah Pictures Tbk.,--UO2130000000E621------------,129.0,130.0,131.0,128.0,128.0,-1.0,1160000,148851600,750,65.6,128,32400,127,186500,4765525000,1121650000,1121804585,0,0,0,0,0
2025-01-30,VERN,Verona Indah Pictures Tbk.,--UO2130000000E621------------,130.0,130.0,131.0,129.0,129.0,-1.0,2814800,363332500,701,66.2,129,74800,128,137300,4765525000,1121650000,1121804585,0,0,0,0,0
2025-01-24,VERN,Verona Indah Pictures Tbk.,--UO2130000000E621------------,129.0,129.0,131.0,127.0,130.0,1.0,5183600,670792200,4257,66.7,130,81300,129,86200,4765525000,1121650000,1121804585,381200,0,0,0,0
2025-01-23,VERN,Verona Indah Pictures Tbk.,--UO2130000000E621------------,131.0,132.0,132.0,127.0,129.0,-2.0,5173400,671922400,1136,66.2,129,55600,128,24800,4765525000,1121650000,1121804585,354700,0,0,0,0
2025-01-22,VERN,Verona Indah Pictures Tbk.,--UO2130000000E621------------,132.0,132.0,134.0,130.0,131.0,-1.0,5573400,732336100,2807,67.2,131,34000,130,144400,4765525000,1121650000,1121804585,76200,0,0,0,0
2025-01-21,VERN,Verona Indah Pictures Tbk.,--UO2130000000E621------------,130.0,131.0,136.0,130.0,132.0,2.0,9140100,1209833700,5853,67.7,133,40200,132,150000,4765525000,1121650000,1121804585,0,501800,0,0,0
2025-01-20,VERN,Verona Indah Pictures Tbk.,--UO2130000000E621------------,132.0,133.0,133.0,129.0,130.0,-2.0,3594100,470571300,3101,66.7,131,150000,130,37600,4765525000,1121650000,1121804585,82600,0,0,0,0
2025-01-17,VERN,Verona Indah Pictures Tbk.,--UO2130000000E621------------,134.0,135.0,136.0,129.0,132.0,-2.0,5527100,727375300,2042,67.7,132,222300,131,176300,4765525000,1121650000,1121804585,397500,0,0,0,0
2025-01-16,VERN,Verona Indah Pictures Tbk.,--UO2130000000E621------------,128.0,129.0,135.0,127.0,134.0,6.0,9617200,1266686200,3712,68.7,135,176800,134,167500,4765525000,1121650000,1121804585,10200,783400,0,0,0
2025-01-15,VERN,Verona Indah Pictures Tbk.,--UO2130000000E621------------,129.0,129.0,129.0,126.0,128.0,-1.0,2946200,375932700,1392,65.6,129,105700,128,19700,4765525000,1121650000,1121804585,21800,0,0,0,0
2025-01-14,VERN,Verona Indah Pictures Tbk.,--UO2130000000E621------------,130.0,130.0,133.0,127.0,129.0,-1.0,5595300,723185300,3406,66.2,129,4200,128,13600,4765525000,1121650000,1121804585,19600,792300,0,0,0
2025-01-13,VERN,Verona Indah Pictures Tbk.,--UO2130000000E621------------,130.0,131.0,131.0,126.0,130.0,0.0,4593600,591881400,3227,66.7,130,39200,129,46100,4765525000,1121650000,1121804585,19600,14300,0,0,0
2025-01-10,VERN,Verona Indah Pictures Tbk.,--UO2130000000E621------------,134.0,134.0,136.0,130.0,130.0,-4.0,7865700,1038388800,5018,66.7,130,21000,129,150100,4765525000,1121650000,1121804585,156300,23000,0,0,0
2025-01-09,VERN,Verona Indah Pictures Tbk.,--UO2130000000E621------------,140.0,140.0,142.0,133.0,134.0,-6.0,8511800,1160264400,5840,68.7,137,65800,133,381200,4765525000,1121650000,1121804585,699500,13900,0,0,0
2025-01-08,VERN,Verona Indah Pictures Tbk.,--UO2130000000E621------------,135.0,135.0,143.0,129.0,140.0,5.0,20859800,2834664700,10045,71.8,141,70100,140,65200,4765525000,1121650000,1121804585,234600,1922800,0,0,0
2025-01-07,VERN,Verona Indah Pictures Tbk.,--UO2130000000E621------------,140.0,142.0,142.0,135.0,135.0,-5.0,4498200,617617100,1873,69.2,135,297900,134,83100,4765525000,1121650000,1121804585,15700,156900,0,0,0
2025-01-06,VERN,Verona Indah Pictures Tbk.,--UO2130000000E621------------,147.0,146.0,149.0,140.0,140.0,-7.0,7448000,1067154800,3981,71.8,142,5100,140,60300,4765525000,1121650000,1121804585,113800,14100,0,0,0
2025-01-03,VERN,Verona Indah Pictures Tbk.,--UO2130000000E621------------,150.0,150.0,151.0,144.0,147.0,-3.0,8316200,1217872500,3663,75.4,147,188200,146,129300,4765525000,1121650000,1121804585,284800,352200,0,0,0
2025-01-02,VERN,Verona Indah Pictures Tbk.,--UO2130000000E621------------,162.0,162.0,163.0,147.0,150.0,-12.0,13226200,2009878100,6394,76.9,150,50600,149,289800,4765525000,1121650000,1121804585,1338200,280400,0,0,0
2024-12-30,VERN,Verona Indah Pictures Tbk.,--UO2130000000E621------------,155.0,157.0,165.0,151.0,162.0,7.0,43277500,6857506300,21367,83.1,162,4471600,161,74200,4765525000,1121650000,1121650000,4362600,2756300,0,0,0
2024-12-27,VERN,Verona Indah Pictures Tbk.,--UO2130000000E621------------,137.0,137.0,158.0,136.0,155.0,18.0,41001400,6082520500,17271,79.5,156,24100,155,440000,4765525000,1121650000,1121650000,98700,2003600,0,0,0
2024-12-24,VERN,Verona Indah Pictures Tbk.,--UO2130000000E621------------,146.0,146.0,150.0,137.0,137.0,-9.0,15783200,2249272500,4962,70.3,138,9200,137,170600,4765525000,1121650000,1121650000,1987300,242600,12600,1776600,1
2024-12-23,VERN,Verona Indah Pictures Tbk.,--UO2130000000E621------------,129.0,129.0,146.0,129.0,146.0,17.0,31951500,4355666500,15442,74.9,146,354400,145,248900,4765525000,1121650000,1121650000,232300,2231500,0,0,0
2024-12-20,VERN,Verona Indah Pictures Tbk.,--UO2130000000E621------------,126.0,128.0,133.0,123.0,129.0,3.0,10769600,1372924200,2609,66.2,129,484900,128,21800,4765525000,1121650000,1121650000,2500,1139700,0,0,0
2024-12-19,VERN,Verona Indah Pictures Tbk.,--UO2130000000E621------------,132.0,132.0,133.0,124.0,126.0,-6.0,5573200,716570100,2263,64.6,126,48600,124,16400,4765525000,1121650000,1121650000,100,0,0,0,0
2024-12-18,VERN,Verona Indah Pictures Tbk.,--UO2130000000E621------------,133.0,133.0,137.0,129.0,132.0,-1.0,5015100,665327300,1585,67.7,132,150300,131,8900,4765525000,1121650000,1121650000,234500,77100,0,0,0
2024-12-17,VERN,Verona Indah Pictures Tbk.,--UO2130000000E621------------,130.0,130.0,140.0,127.0,133.0,3.0,10821300,1448954800,2102,68.2,133,87200,132,105000,4765525000,1121650000,1121650000,500400,823800,0,0,0
2024-12-16,VERN,Verona Indah Pictures Tbk.,--UO2130000000E621------------,125.0,125.0,144.0,117.0,130.0,5.0,24846700,3298399800,4837,66.7,131,218100,130,46300,4765525000,1121650000,1121650000,1383500,1312700,0,0,0
2024-12-13,VERN,Verona Indah Pictures Tbk.,--UO2130000000E621------------,132.0,132.0,133.0,124.0,125.0,-7.0,4937900,625265800,1430,64.1,126,29500,125,580500,4765525000,1121650000,1121650000,60700,0,0,0,0
2024-12-12,VERN,Verona Indah Pictures Tbk.,--UO2130000000E621------------,134.0,134.0,136.0,132.0,132.0,-2.0,966600,128716300,295,67.7,134,135600,132,73900,4765525000,1121650000,1121650000,2700,0,0,0,0
2024-12-11,VERN,Verona Indah Pictures Tbk.,--UO2130000000E621------------,134.0,134.0,137.0,132.0,134.0,0.0,3909600,523341700,789,68.7,134,72000,133,109600,4765525000,1121650000,1121650000,417300,189600,0,0,0
2024-12-10,VERN,Verona Indah Pictures Tbk.,--UO2130000000E621------------,137.0,138.0,140.0,134.0,134.0,-3.0,2335900,319051100,782,68.7,136,49400,134,220300,4765525000,1121650000,1121650000,525900,0,0,0,0
2024-12-09,VERN,Verona Indah Pictures Tbk.,--UO2130000000E621------------,142.0,142.0,143.0,135.0,137.0,-5.0,3726400,516304300,798,70.3,139,106900,136,64200,4765525000,1121650000,1121650000,780900,0,0,0,0
2024-12-06,VERN,Verona Indah Pictures Tbk.,--U-2130000000E621------------,146.0,0.0,148.0,137.0,142.0,-4.0,3082400,441946300,584,72.8,143,30200,142,18900,4765525000,1121650000,1121650000,35200,403700,0,0,0
2024-12-05,VERN,Verona Indah Pictures Tbk.,--U-2130000000E621------------,142.0,0.0,157.0,133.0,146.0,4.0,9896100,1484739400,1792,74.9,147,53000,146,105500,4765525000,1121650000,1121650000,1558800,945600,0,0,0
2024-12-04,VERN,Verona Indah Pictures Tbk.,--U-2130000000E621------------,141.0,0.0,150.0,122.0,142.0,1.0,4823900,701541800,981,72.8,143,3600,142,214300,4765525000,1121650000,1121650000,575500,264500,0,0,0
2024-12-03,VERN,Verona Indah Pictures Tbk.,--U-2130000000E621------------,139.0,0.0,148.0,135.0,141.0,2.0,4906700,696375000,899,72.3,143,1000,141,86900,4765525000,1121650000,1121650000,588400,1178900,0,0,0
2024-12-02,VERN,Verona Indah Pictures Tbk.,--U-2130000000E621------------,145.0,0.0,148.0,135.0,139.0,-6.0,5831300,825682400,936,71.3,140,3700,139,212800,4765525000,1121650000,1121650000,237100,1112700,0,0,0
2024-11-29,VERN,Verona Indah Pictures Tbk.,--U-2130000000E621------------,160.0,0.0,165.0,142.0,145.0,-15.0,7786100,1185424400,1532,74.4,145,92000,144,16500,4765525000,1121650000,1121650000,253000,579300,0,0,0
2024-11-28,VERN,Verona Indah Pictures Tbk.,--U-2130000000E621------------,164.0,0.0,171.0,147.0,160.0,-4.0,6648700,1093479100,1174,82.1,160,30900,159,73600,4765525000,1121650000,1121650000,562700,404700,0,0,0
2024-11-26,VERN,Verona Indah Pictures Tbk.,--U-2130000000E621------------,168.0,0.0,169.0,158.0,164.0,-4.0,6059100,1002905400,1017,84.1,164,224700,163,107300,4765525000,1121650000,1121650000,559900,791600,0,0,0
2024-11-25,VERN,Verona Indah Pictures Tbk.,--U-2130000000E621------------,174.0,0.0,176.0,167.0,168.0,-6.0,6060000,1031687500,1089,86.2,168,131100,167,54500,4765525000,1121650000,1121650000,484200,376000,0,0,0
2024-11-22,VERN,Verona Indah Pictures Tbk.,--U-2130000000E621------------,169.0,0.0,190.0,160.0,174.0,5.0,35496000,6364395600,5812,89.2,174,4900,173,44700,4765525000,1121650000,1121650000,3237400,2744900,0,0,0
2024-11-21,VERN,Verona Indah Pictures Tbk.,--U-2130000000E621------------,163.0,0.0,174.0,156.0,169.0,6.0,14016300,2327369900,2240,86.7,169,16700,168,135200,4765525000,1121650000,1121650000,1136500,1514700,0,0,0
2024-11-20,VERN,Verona Indah Pictures Tbk.,--U-2130000000E621------------,180.0,0.0,182.0,162.0,163.0,-17.0,23573000,3953391700,5720,83.6,164,80100,163,864200,4765525000,1121650000,1121650000,1924400,2184400,0,0,0
2024-11-19,VERN,Verona Indah Pictures Tbk.,--U-2130000000E621------------,184.0,0.0,184.0,160.0,180.0,-4.0,28259200,4898471500,5324,92.3,180,249100,179,196800,4765525000,1121650000,1121650000,1295700,1284600,0,0,0
2024-11-18,VERN,Verona Indah Pictures Tbk.,--U-2130000000E621------------,190.0,0.0,190.0,184.0,184.0,-6.0,3946200,734235900,867,94.4,184,122700,183,162800,4765525000,1121650000,1121650000,124400,117800,0,0,0
2024-11-15,VERN,Verona Indah Pictures Tbk.,--U-2130000000E621------------,194.0,0.0,196.0,189.0,190.0,-4.0,4328600,825683100,692,97.4,190,12400,189,158900,4765525000,1121650000,1121650000,142200,134500,0,0,0
2024-11-14,VERN,Verona Indah Pictures Tbk.,--U-2130000000E621------------,194.0,0.0,195.0,193.0,194.0,0.0,2385500,461966500,472,99.5,194,178500,193,196900,4765525000,1121650000,1121650000,18900,18400,0,0,0
2024-11-13,VERN,Verona Indah Pictures Tbk.,--U-2130000000E621------------,195.0,0.0,199.0,193.0,194.0,-1.0,7084800,1378691200,743,99.5,194,88300,193,748600,4765525000,1121650000,1121650000,108400,51500,0,0,0
2024-11-12,VERN,Verona Indah Pictures Tbk.,--U-2130000000E621------------,195.0,0.0,196.0,193.0,195.0,0.0,2829700,548872500,657,100.0,195,561000,194,812500,4765525000,1121650000,1121650000,72200,22900,0,0,0
2024-11-11,VERN,Verona Indah Pictures Tbk.,--U-2130000000E621------------,196.0,0.0,196.0,193.0,195.0,-1.0,4329900,841106800,515,100.0,195,148500,194,319900,4765525000,1121650000,1121650000,31200,75500,0,0,0
2024-11-08,VERN,Verona Indah Pictures Tbk.,--U-2130000000E621------------,197.0,0.0,198.0,195.0,196.0,-1.0,6594000,1292198300,550,100.5,196,1180300,195,214800,4765525000,1121650000,1121650000,47400,307900,0,0,0
2024-11-07,VERN,Verona Indah Pictures Tbk.,--U-2130000000E621------------,196.0,0.0,198.0,194.0,197.0,1.0,7582200,1484572200,1604,101.0,197,713800,195,786800,4765525000,1121650000,1121650000,287700,412300,0,0,0
2024-11-06,VERN,Verona Indah Pictures Tbk.,--U-2130000000E621------------,194.0,0.0,197.0,192.0,196.0,2.0,9525000,1851984200,722,100.5,196,1207000,195,287000,4765525000,1121650000,1121650000,934800,45300,0,0,0
2024-11-05,VERN,Verona Indah Pictures Tbk.,--U-2130000000E621------------,190.0,0.0,195.0,181.0,194.0,4.0,29991000,5590090300,2152,99.5,194,53200,193,278700,4765525000,1121650000,1121650000,277400,556600,0,0,0
2024-11-04,VERN,Verona Indah Pictures Tbk.,--U-2130000000E621------------,196.0,0.0,197.0,190.0,190.0,-6.0,28164600,5411051400,1556,97.4,192,130000,190,73900,4765525000,1121650000,1121650000,29000,601200,0,0,0
2024-11-01,VERN,Verona Indah Pictures Tbk.,--U-2130000000E621------------,196.0,0.0,197.0,194.0,196.0,0.0,8565600,1669095600,826,100.5,196,174700,195,662900,4765525000,1121650000,1121650000,42500,73400,0,0,0
2024-10-31,VERN,Verona Indah Pictures Tbk.,--U-2130000000E621------------,196.0,0.0,202.0,195.0,196.0,0.0,16574200,3286284800,1919,100.5,197,205900,196,1072500,4765525000,1121650000,1121650000,669600,138200,0,0,0
2024-10-30,VERN,Verona Indah Pictures Tbk.,--U-2130000000E621------------,195.0,0.0,196.0,193.0,196.0,1.0,6353000,1233976100,905,100.5,196,478700,195,758500,4765525000,1121650000,1121650000,8200,6100,0,0,0
2024-10-29,VERN,Verona Indah Pictures Tbk.,--U-2130000000E621------------,195.0,0.0,197.0,185.0,195.0,0.0,13933500,2696417000,1211,100.0,195,17400,194,671100,4765525000,1121650000,1121650000,346600,249800,0,0,0
2024-10-28,VERN,Verona Indah Pictures Tbk.,--U-2130000000E621------------,195.0,0.0,196.0,190.0,195.0,0.0,15975900,3082723600,1256,100.0,195,583800,194,403500,4765525000,1121650000,1121650000,428400,78100,0,0,0
2024-10-25,VERN,Verona Indah Pictures Tbk.,--U-2130000000E621------------,196.0,0.0,196.0,193.0,195.0,-1.0,10376700,2017468100,962,100.0,195,119000,194,1119500,4765525000,1121650000,1121650000,52900,51300,0,0,0
2024-10-24,VERN,Verona Indah Pictures Tbk.,--U-2130000000E621------------,197.0,0.0,198.0,195.0,196.0,-1.0,8308000,1624859400,792,100.5,196,627700,195,467000,4765525000,1121650000,1121650000,28300,24000,0,0,0
2024-10-23,VERN,Verona Indah Pictures Tbk.,--U-2130000000E621------------,198.0,0.0,199.0,194.0,197.0,-1.0,10861900,2137761300,1095,101.0,197,341600,196,554200,4765525000,1121650000,1121650000,55700,21900,0,0,0
2024-10-22,VERN,Verona Indah Pictures Tbk.,--U-2130000000E621------------,200.0,0.0,204.0,197.0,198.0,-2.0,15436200,3068663900,1300,101.5,199,187000,198,112800,4765525000,1121650000,1121650000,62200,1146100,0,0,0
2024-10-21,VERN,Verona Indah Pictures Tbk.,--U-2130000000E621------------,200.0,0.0,204.0,199.0,200.0,0.0,10947600,2197692000,1402,102.6,200,132400,199,872900,4765525000,1121650000,1121650000,75300,37800,0,0,0
2024-10-18,VERN,Verona Indah Pictures Tbk.,--U-2130000000E621------------,195.0,0.0,208.0,195.0,200.0,5.0,54802800,11046675700,3779,102.6,200,362900,199,1382200,4765525000,1121650000,1121650000,427000,41100,0,0,0
2024-10-17,VERN,Verona Indah Pictures Tbk.,--U-2130000000E621------------,196.0,0.0,198.0,193.0,195.0,-1.0,25117600,4892147400,2084,100.0,196,897800,195,3600,4765525000,1121650000,1121650000,154200,197900,0,0,0
2024-10-16,VERN,Verona Indah Pictures Tbk.,--U-2130000000E621------------,198.0,0.0,202.0,196.0,196.0,-2.0,17958300,3541476400,2012,100.5,197,65000,196,576500,4765525000,1121650000,1121650000,582800,86900,0,0,0
2024-10-15,VERN,Verona Indah Pictures Tbk.,--U-2130000000E621------------,202.0,0.0,202.0,196.0,198.0,-4.0,21110900,4175326600,2086,101.5,198,445100,197,9606600,4765525000,1121650000,1121650000,136400,121200,0,0,0
2024-10-14,VERN,Verona Indah Pictures Tbk.,--U-2130000000E621------------,200.0,0.0,204.0,194.0,202.0,2.0,31424200,6220195200,4525,103.6,202,1206500,200,3470000,4765525000,1121650000,1121650000,564900,26800,0,0,0
2024-10-11,VERN,Verona Indah Pictures Tbk.,--U-2130000000E621------------,208.0,0.0,210.0,198.0,200.0,-8.0,47644500,9611605100,4934,102.6,200,497300,199,1615000,4765525000,1121650000,1121650000,602900,255100,0,0,0
2024-10-10,VERN,Verona Indah Pictures Tbk.,--U-2130000000E621------------,194.0,0.0,208.0,196.0,208.0,14.0,133087600,26939024100,11775,106.7,210,3720600,208,2854100,4765525000,1121650000,1121650000,100800,1284900,0,0,0
2024-10-09,VERN,Verona Indah Pictures Tbk.,--U-2130000000E621------------,200.0,0.0,202.0,184.0,194.0,-6.0,159104400,30934011200,18648,99.5,194,1186900,193,1070200,4765525000,1121650000,1121650000,461000,14000,15600,3120000,2
2024-10-08,VERN,Verona Indah Pictures Tbk.,--U-2130000000E621------------,195.0,0.0,262.0,199.0,200.0,5.0,664290100,143763787300,71798,102.6,202,1289700,200,371000,4765525000,1121650000,1121650000,471200,4150400,2753500,536999000,3
