Date,Previous,Highest,Lowest,Close,Constituent,Change,Volume,Value,Frequency,Capitalization
2026-04-16,102.534,103.956,101.805,102.292,30,-0.242,2554399469,5691391290401,372184,4063052986254900
2026-04-15,104.197,105.775,102.534,102.534,30,-1.663,3082118606,6025295571340,472351,4075993791377170
2026-04-14,101.283,104.568,103.073,104.197,30,2.914,4321135832,6629014267238,431458,4150312652756940
2026-04-13,101.232,102.369,99.354,101.283,30,0.051,3441241946,5433684807977,394234,4030510005341290
2026-04-10,98.393,101.639,98.936,101.232,30,2.839,2535592866,5744617166745,323668,3997150708847050
2026-04-09,100.072,99.623,97.915,98.393,30,-1.679,2626976602,6135514624230,408961,3843436483150860
2026-04-08,94.535,100.496,97.39,100.072,30,5.537,3936442607,7824495032993,452785,3855559341311290
2026-04-07,95.41,95.685,94.201,94.535,30,-0.875,2971236333,4994257652347,353128,3619059333093210
2026-04-06,95.56,95.889,94.794,95.41,30,-0.15,1531703797,2738580135539,260944,3636284884437550
2026-04-02,97.369,97.546,95.248,95.56,30,-1.809,1813256588,3761808986908,304518,3639843717478250
2026-04-01,95.928,98.772,97.151,97.369,30,1.441,2692557239,5417111731520,368860,3750082604447240
2026-03-31,96.005,97.498,95.622,95.928,30,-0.077,3319942611,5932416503181,372400,3696288855388040
2026-03-30,97.583,96.626,94.673,96.005,30,-1.578,2573647089,5699836022382,357483,3694621307345400
2026-03-27,99.166,99.029,97.511,97.583,30,-1.583,1712846444,4710919005229,293112,3762284403880140
2026-03-26,100.984,101.845,99.166,99.166,30,-1.818,2101832772,4547316951315,347789,3809067045123640
2026-03-25,98.81,100.984,97.741,100.984,30,2.174,3823954452,9677726842990,503638,3900244284899230
2026-03-17,97.554,100.029,98.112,98.81,30,1.256,4883759453,8147777575308,355937,3803424374297650
2026-03-16,100.262,99.808,97.123,97.554,30,-2.708,3196995621,5614549796938,393658,3753568963449360
2026-03-13,103.048,103.283,100.161,100.262,30,-2.786,2107915613,4632405762213,320639,3879389955846840
2026-03-12,103.03,104.279,102.354,103.048,30,0.018,1952127644,4050453036751,275828,4016360470400070
2026-03-11,104.462,105.394,103.01,103.03,30,-1.432,2082190235,3810444319363,302609,4020562269225750
2026-03-10,102.405,105.177,103.527,104.462,30,2.057,2771678267,5355012093300,384114,4083394963108570
2026-03-09,105.836,103.556,100.121,102.405,30,-3.431,4314301645,7072969112286,504296,4019486262208900
2026-03-06,107.596,107.218,104.835,105.836,30,-1.76,3054965851,4702082137362,340667,4175055519712680
2026-03-05,105.035,108.206,106.551,107.596,30,2.561,2655112518,5062009236179,334290,4179552311694810
2026-03-04,110.254,109.3,103.862,105.035,30,-5.219,4186433696,8775029894147,671448,4086414615473880
2026-03-03,111.83,112.933,110.02,110.254,30,-1.576,3769857128,6972371040602,516472,4319292884809570
2026-03-02,115.063,114.011,111.83,111.83,30,-3.233,4301160778,7586327239377,581056,4407280488783570
2026-02-27,115.077,115.635,113.368,115.063,30,-0.014,2587744789,7305037929410,297721,4597724065114220
2026-02-26,116.055,116.768,113.334,115.077,30,-0.978,2681133250,6244106580554,402682,4594587592600270
2026-02-25,115.397,116.927,115.077,116.055,30,0.658,2972569118,8170673993728,369247,4632300912316150
2026-02-24,116.729,117.052,114.878,115.397,30,-1.332,2653635866,7038415711699,413103,4636309490111690
2026-02-23,114.527,116.973,115.379,116.729,30,2.202,2286162349,5881404495051,379454,4698559987053710
2026-02-20,113.685,114.817,113.586,114.527,30,0.842,1961036670,5164048809325,325252,4600349406402660
2026-02-19,114.346,115.411,113.629,113.685,30,-0.661,3667151778,6955170730943,492485,4578711843435230
2026-02-18,113.238,114.441,112.935,114.346,30,1.108,2024426851,5839520849148,338550,4601670907413490
2026-02-13,114.279,113.789,112.48,113.238,30,-1.041,2369007577,7817112108455,375895,4574639164593220
2026-02-12,114.772,115.27,113.641,114.279,30,-0.493,2256588742,6443728971409,416606,4629889205534450
2026-02-11,113.425,114.873,112.632,114.772,30,1.347,5144237109,7576109236591,409521,4657943070268400
2026-02-10,112.09,113.679,111.528,113.425,30,1.335,2582669324,5600390937199,331746,4593905130295350
2026-02-09,111.545,112.329,109.895,112.09,30,0.545,2152299107,6066015205776,353665,4520713355031230
2026-02-06,114.024,112.784,110.469,111.545,30,-2.479,2623881056,7354831253583,399827,4483674267828910
2026-02-05,114.566,115.478,113.875,114.024,30,-0.542,2593414699,7243667289405,440957,4580669567998870
2026-02-04,111.754,114.615,111.819,114.566,30,2.812,3017476363,7993562621559,469132,4582271525766180
2026-02-03,109.747,111.754,106.179,111.754,30,2.007,3525770985,7690296908430,469545,4442689662811460
2026-02-02,114.452,113.882,108.056,109.747,30,-4.705,3903538113,10831842867813,623329,4309256495801320
2026-01-30,112.202,115.418,111.261,114.452,30,2.25,4318183260,13541942288061,613118,4564141773776150
2026-01-29,111.186,113.253,99.712,112.202,30,1.016,10401256006,29986782841897,1318089,4460020548273090
2026-01-28,119.159,116.227,108.862,111.186,30,-7.973,7449024261,22315609030959,1100038,4454806025198010
2026-01-27,120.224,119.884,118.25,119.159,30,-1.065,2954864592,7929192527507,462733,4796797085692400
2026-01-26,119.198,120.604,119.115,120.224,30,1.026,4791796896,11264879662039,666838,4815632348729030
2026-01-23,119.642,120.419,118.044,119.198,30,-0.444,2797651343,7145359995704,397400,4758653315314190
2026-01-22,120.221,121.163,119.42,119.642,30,-0.579,3563095455,8453119129693,466908,4808036456040460
2026-01-21,121.769,121.87,119.693,120.221,30,-1.548,3843903691,9598422768264,610893,4835120577192470
2026-01-20,121.766,122.227,121.131,121.769,30,0.003,2521875189,6039604451029,395783,4895781007619500
2026-01-19,121.03,122.049,120.372,121.766,30,0.736,2968684501,8658784450859,517053,4911109312671990
2026-01-15,119.608,121.849,120.123,121.03,30,1.422,3550404768,8967656955578,509638,4865123442274610
2026-01-14,119.403,119.995,118.995,119.608,30,0.205,3749977606,7232196643461,555677,4811206712976110
2026-01-13,118.171,119.403,117.96,119.403,30,1.232,4851979835,8647768893614,594035,4811142042823030
2026-01-12,118.749,119.89,116.114,118.171,30,-0.578,6090052904,9434463717742,725882,4741227451676640
2026-01-09,118.189,119.225,118.247,118.749,30,0.56,1993208629,5106439230250,333189,4796995729432580
2026-01-08,119.339,120.128,118.189,118.189,30,-1.15,2899021217,7981490757419,425742,4777026868820250
2026-01-07,119.528,120.377,118.723,119.339,30,-0.189,4497449307,10469565891370,619616,4827661063106860
2026-01-06,118.161,119.662,117.897,119.528,30,1.367,3704653090,7634658964912,514282,4838487136650520
2026-01-05,117.088,118.386,116.725,118.161,30,1.073,4547303800,6462766568783,470002,4773314681680860
2026-01-02,116.511,117.458,116.469,117.088,30,0.577,2227935154,3855043110924,310788,4735957241134200
2025-12-30,116.888,117.369,115.036,116.511,30,-0.377,1908253472,5184642357913,315964,4699662173474100
2025-12-29,114.934,117.24,114.813,116.888,30,1.954,1825651028,4975590716576,315487,4705609460762960
2025-12-24,115.553,116.127,114.714,114.934,30,-0.619,1515187035,3737195864584,255343,4616709222420340
2025-12-23,116.574,116.709,115.318,115.553,30,-1.021,2012327579,4625022406929,317911,4643117517513970
2025-12-22,115.96,116.574,115.707,116.574,30,0.614,2067970857,4742017136299,312433,4690301492958460
2025-12-19,115.946,116.842,115.068,115.96,30,0.014,2954230427,7248829219737,283002,4677922231968750
2025-12-18,115.829,116.972,115.946,115.946,30,0.117,2243924357,5365415607635,325537,4661143466913980
2025-12-17,116.321,117.019,115.829,115.829,30,-0.492,2416689021,5124523943376,282887,4676828088980720
2025-12-16,117.717,118.461,115.593,116.321,30,-1.396,2535334681,7071549923452,315492,4704945493376570
2025-12-15,115.883,118.21,115.546,117.717,30,1.834,4386748348,9241002756584,575902,4737391744856790
2025-12-12,114.212,116.16,113.351,115.883,30,1.671,4472819531,7742226270804,465510,4688223065673670
2025-12-11,115.105,116.336,112.83,114.212,30,-0.893,3333560152,6392408137422,426138,4630696683945110
2025-12-10,114.516,115.338,114.23,115.105,30,0.589,2554848518,6209749921165,347178,4652783360102000
2025-12-09,115.874,116.403,114.281,114.516,30,-1.358,1975041157,4785562898383,330736,4633269872118190
2025-12-08,115.926,116.664,115.571,115.874,30,-0.052,2408510511,9067506561123,257264,4701292259481760
2025-12-05,115.816,116.185,115.302,115.926,30,0.11,1405816245,3367180702400,220789,4722411764564580
2025-12-04,115.927,116.398,115.295,115.816,30,-0.111,1397447334,3638642192008,258195,4716011445497020
2025-12-03,116.528,116.8,115.868,115.927,30,-0.601,2042854168,4885458360417,315024,4735002021470100
2025-12-02,115.674,117.058,115.849,116.528,30,0.854,2422183534,5493958801873,332639,4758029829354680
2025-12-01,115.2,116.236,115.106,115.674,30,0.474,2194265258,5399717916827,311736,4696199945206300
2025-11-28,116.409,116.401,115.029,115.2,30,-1.209,2186626754,5399348666016,316395,4691531443537960
2025-11-27,117.283,117.65,115.985,116.409,30,-0.874,2737354806,5597670291922,341800,4739826406730590
2025-11-26,117.165,117.283,116.293,117.283,30,0.118,2543532396,5830419561966,332230,4749354214018470
2025-11-25,118.75,118.934,116.706,117.165,30,-1.585,6253766757,9745241791420,381591,4739276950439710
2025-11-24,116.92,118.832,116.531,118.75,30,1.83,8108317111,14835184037556,396224,4797090708189540
2025-11-21,116.882,117.078,115.971,116.92,30,0.038,2358090865,4908805049828,298098,4718844674909300
2025-11-20,116.975,118.512,116.882,116.882,30,-0.093,1980351034,5707360980444,270477,4709095484310780
2025-11-19,116.471,117.137,116.423,116.975,30,0.504,2150438679,5237468445355,245744,4714169677994340
2025-11-18,117.3,118.037,116.195,116.471,30,-0.829,2677107963,6181575852220,380698,4716495797745760
2025-11-17,116.967,118.068,117.223,117.3,30,0.333,2757371088,6649721994643,383299,4729600755281600
2025-11-14,116.768,117.823,116.499,116.967,30,0.199,3746207342,5789447684145,354648,4727771001306540
2025-11-13,117.682,117.891,116.768,116.768,30,-0.914,2173420272,4509529575019,298686,4723991021029870
2025-11-12,116.908,118.769,116.981,117.682,30,0.774,2160740257,5216568688234,348633,4756834022990120
2025-11-11,118.179,118.782,116.431,116.908,30,-1.271,4684757743,6859490671793,451327,4736932330076320
2025-11-10,118.689,119.356,118.179,118.179,30,-0.51,2326030517,4744835120118,335497,4781902940097300
2025-11-07,118.255,118.96,118.248,118.689,30,0.434,1990342404,3762260750722,296298,4798231024282450
2025-11-06,119.136,119.296,118.118,118.255,30,-0.881,2588016740,4750500444540,364216,4776932142773890
2025-11-05,117.789,119.136,116.529,119.136,30,1.347,2722842604,5722272865336,330793,4812310229080950
2025-11-04,119.253,119.737,117.651,117.789,30,-1.464,2613739173,6541840330908,406196,4756048849130560
2025-11-03,117.349,119.362,117.954,119.253,30,1.904,2406760120,5283908794661,355896,4817527170400360
2025-10-31,117.436,118.319,116.954,117.349,30,-0.087,2434121243,6997686800663,304747,4742911511195300
2025-10-30,117.401,118.984,116.714,117.436,30,0.035,3001982395,8319102051240,406733,4750732076549720
2025-10-29,114.181,117.401,113.946,117.401,30,3.22,3074017934,8752957357117,393167,4755976979308970
2025-10-28,114.654,114.972,113.56,114.181,30,-0.473,3360512176,7518733984107,405415,4641180439395060
2025-10-27,115.733,117.198,111.98,114.654,30,-1.079,3803304043,9051384822691,489192,4683123829744300
2025-10-24,115.867,116.968,115.482,115.733,30,-0.134,4461248022,9236632936661,356019,4739405978578440
2025-10-23,113.477,115.988,113.307,115.867,30,2.39,2463276804,6290467411671,327270,4750754344189290
2025-10-22,115.842,116.708,113.206,113.477,30,-2.365,3553467334,9483747894573,465138,4662035941742320
2025-10-21,112.744,115.869,114.548,115.842,30,3.098,2858395331,9459017086488,411926,4754948524668990
2025-10-20,109.301,113.722,110.149,112.744,30,3.443,3742181187,10440458841151,522206,4640104061514200
2025-10-17,110.208,111.169,108.317,109.301,30,-0.907,3115133858,8046471730840,409188,4526736529459880
2025-10-16,108.729,110.819,108.743,110.208,30,1.479,2549462057,6109656648342,325271,4574774545627030
2025-10-15,109.636,111.131,107.358,108.729,30,-0.907,3928133383,8593792123656,455608,4503621800964870
2025-10-14,112.369,113.471,108.463,109.636,30,-2.733,4665528103,9617243528624,627843,4553878091782650
2025-10-13,113.04,113.152,111.019,112.369,30,-0.671,3329679464,7088154756672,504152,4678241339227120
2025-10-10,114.18,113.755,112.05,113.04,30,-1.14,2598854346,6234143088246,365726,4716518346544950
2025-10-09,111.597,114.969,110.87,114.18,30,2.583,3930813891,11939097963616,574365,4724551650132870
2025-10-08,112.076,112.527,110.168,111.597,30,-0.479,3537675223,6705412633336,460460,4633683867071130
2025-10-07,111.75,112.765,111.542,112.076,30,0.326,3479801982,5814500849419,432869,4646199124522130
2025-10-06,111.669,112.629,111.345,111.75,30,0.081,2903939496,8157421556794,435547,4652210114515430
2025-10-03,111.781,112.321,111.162,111.669,30,-0.112,2318867666,4609496018875,350555,4623032126161680
2025-10-02,112.188,112.927,111.781,111.781,30,-0.407,4255082746,7530856144164,487568,4617994340992600
2025-10-01,113.046,113.887,111.927,112.188,30,-0.858,5434670316,7900263818279,548827,4623772766845350
2025-09-30,114.259,114.592,112.439,113.046,30,-1.213,4190988676,8146417998877,459915,4658546483989260
2025-09-29,112.847,114.662,113.105,114.259,30,1.412,5485106788,7673362437083,492172,4690723518898780
2025-09-26,111.97,112.847,111.06,112.847,30,0.877,4749644523,8992904796911,389499,4620810484416270
2025-09-25,114.392,114.412,111.912,111.97,30,-2.422,4331330996,9647188055689,505315,4580420318937670
2025-09-24,114.299,114.861,113.412,114.392,30,0.093,5866506812,19486136423660,460130,4683318924153220
2025-09-23,113.107,114.299,112.869,114.299,30,1.192,3985492716,6505492396265,409838,4678832483516710
2025-09-22,114.001,114.453,112.462,113.107,30,-0.894,4730849366,9737589493820,456042,4627184636497420
2025-09-19,113.741,114.303,112.917,114.001,30,0.26,8658446134,18704382210054,360802,4675037201521050
2025-09-18,114.061,114.935,113.228,113.741,30,-0.32,4692371319,9713872275140,480073,4679298734482440
2025-09-17,113.171,114.112,112.593,114.061,30,0.89,4004029668,7667924499940,419383,4687903746983000
2025-09-16,113.706,114.558,112.258,113.171,30,-0.535,2846123870,5441566764709,359261,4654905672421360
2025-09-15,113.217,114.708,113.482,113.706,30,0.489,4013497533,7105049773908,410213,4674536176956670
2025-09-12,111.421,113.233,111.918,113.217,30,1.796,3191091178,7182116255797,395101,4652091316772720
2025-09-11,109.115,111.947,110.67,111.421,30,2.306,3793859589,9001444778106,429232,4585807743846390
2025-09-10,106.977,109.229,107.604,109.115,30,2.138,2891836414,7264629147545,371445,4498844779401740
2025-09-09,109.764,110.106,106.771,106.977,30,-2.787,4780226736,14140752685899,722079,4411010575047970
2025-09-08,112.579,113.759,109.764,109.764,30,-2.815,3717717027,8743682205666,508347,4552979845772430
2025-09-04,112.611,112.821,111.983,112.579,30,-0.032,2488676417,4392537846777,288226,4665598271386790
2025-09-03,112.023,113.009,111.315,112.611,30,0.588,3931319641,7365483288121,431061,4668977994814050
2025-09-02,111.155,113.349,111.693,112.023,30,0.868,3952326472,7408059272195,435450,4649610617605080
2025-09-01,112.432,112.093,107.559,111.155,30,-1.277,4820589859,12205574881668,587675,4612609318887020
2025-08-29,114.487,113.888,111.509,112.432,30,-2.055,3152313159,7394281108202,409458,4652522077055300
2025-08-28,114.838,115.647,114.446,114.487,30,-0.351,2323535252,4979365961997,281757,4729699057336430
2025-08-27,114.902,115.041,114.265,114.838,30,-0.064,3415598160,6337122429885,351947,4764547437572600
2025-08-26,116.987,117.193,114.902,114.902,30,-2.085,6394774909,17262124199895,424203,4765420337524200
2025-08-25,115.781,117.84,116.858,116.987,30,1.206,2661305260,5672680130022,294917,4866088016077630
2025-08-22,116.89,117.23,115.781,115.781,30,-1.109,2568562379,3706413330718,197619,4836764179720880
2025-08-21,117.061,117.649,116.032,116.89,30,-0.171,2676828656,5022703048479,301482,4881552717004970
2025-08-20,114.97,117.268,114.647,117.061,30,2.091,3623706256,8023730135671,432078,4884831508794410
2025-08-19,116.662,116.371,114.721,114.97,30,-1.692,2310895635,5885642615456,357440,4819451378814160
2025-08-15,116.853,118.047,116.368,116.662,30,-0.191,1972811610,5182764283066,261838,4895542671732730
2025-08-14,117.448,117.928,116.718,116.853,30,-0.595,2096415538,5132541139494,286575,4911157117563510
2025-08-13,116.885,118.032,116.314,117.448,30,0.563,3229495534,6870896227976,395610,4927859645767570
2025-08-12,113.474,117.032,113.695,116.885,30,3.411,3332857244,8507016317703,525391,4899579673764150
2025-08-11,112.209,113.644,112.357,113.474,30,1.265,2337565200,5971347524963,328389,4780735217628760
2025-08-08,112.617,114.118,112.028,112.209,30,-0.408,2533390911,5109699099391,289016,4749854513900800
2025-08-07,111.379,113.831,112.556,112.617,30,1.238,2862730207,5368681328537,370962,4777966062879020
2025-08-06,111.741,112.345,111.375,111.379,30,-0.362,4416186297,5440414433725,335504,4696364716985260
2025-08-05,110.318,112.493,110.981,111.741,30,1.423,2461605885,6033598857617,323559,4708729158394950
2025-08-04,112.33,112.659,110.036,110.318,30,-2.012,2119146712,4971024367425,345271,4659621341312500
2025-08-01,111.087,113.596,112.113,112.33,30,1.243,2028754033,5636666969012,290686,4795431736005060
2025-07-31,112.712,112.537,110.865,111.087,30,-1.625,3387105641,6845758033779,424601,4736627205265190
2025-07-30,114.323,114.656,112.366,112.712,30,-1.611,2692843998,5380431488465,353048,4778507939369920
2025-07-29,114.232,114.497,113.585,114.323,30,0.091,2480500684,4732030060221,293600,4832600562337920
2025-07-28,112.861,114.51,113.748,114.232,30,1.371,1902578750,4578666899585,268744,4829880281823330
2025-07-25,113.465,113.219,112.219,112.861,30,-0.604,1984507424,4900736242593,263587,4776656172222260
2025-07-24,111.525,113.991,111.754,113.465,30,1.94,3107288948,8187984266373,350966,4781682052713160
2025-07-23,110.579,111.525,110.173,111.525,30,0.946,2509431533,5759021376179,312840,4718386672892270
2025-07-22,112.527,113.299,110.579,110.579,30,-1.948,3735896296,7380822873321,426865,4649203130426550
2025-07-21,111.995,112.886,111.519,112.527,30,0.532,3048158955,5599160427512,375178,4759208497292310
2025-07-18,112.57,113.625,111.995,111.995,30,-0.575,2661172999,5831167568753,322305,4718895398637860
2025-07-17,112.123,112.853,112.129,112.57,30,0.447,2222001669,5176818450521,270600,4762666741852340
2025-07-16,112.272,113.563,112.123,112.123,30,-0.149,3124780013,6666875957313,314803,4743271672926470
2025-07-15,111.828,112.503,111.247,112.272,30,0.444,3095648710,5393473341007,312769,4756903798364300
2025-07-14,112.877,113.824,111.035,111.828,30,-1.049,3728991913,8427071495376,515669,4771391133517720
2025-07-11,112.094,113.302,112.408,112.877,30,0.783,2425878532,6276701479087,257213,4767729067336530
2025-07-10,110.322,112.219,110.486,112.094,30,1.772,3094410946,7108328265889,309546,4751078132439120
2025-07-09,109.384,110.399,109.424,110.322,30,0.938,1968314250,4904195254380,249442,4716721700429100
2025-07-08,109.656,109.817,108.92,109.384,30,-0.272,2434356130,6023237098558,265303,4662853337524840
2025-07-07,109.44,109.656,108.882,109.656,30,0.216,1776232551,3295314691431,210561,4641279590007720
2025-07-04,109.467,110.414,108.818,109.44,30,-0.027,3722609058,3898982988145,202683,4635415307621450
2025-07-03,109.744,110.878,109.467,109.467,30,-0.277,1729596187,3233191438828,220204,4641606886017310
2025-07-02,110.365,110.152,108.752,109.744,30,-0.621,2338103008,4552967392253,264642,4659284438353300
2025-07-01,110.727,111.928,109.682,110.365,30,-0.362,3160731824,6062698295381,359187,4685458074888840
2025-06-30,110.899,111.798,109.772,110.727,30,-0.172,4074046440,7493318220416,350371,4679302965416830
2025-06-26,109.31,110.899,108.936,110.899,30,1.589,2545235839,4931695824350,238294,4670530161897820
2025-06-25,110.826,111.596,109.183,109.31,30,-1.516,2389289464,5409143277766,318977,4604729921469070
2025-06-24,108.68,111.964,110.233,110.826,30,2.146,2420704530,5530283736528,307078,4661015467121320
2025-06-23,109.909,109.518,106.991,108.68,30,-1.229,3153697700,5284089663857,359872,4546513971914810
2025-06-20,111.266,111.311,108.973,109.909,30,-1.357,6461707989,12762694416737,340305,4601485629620740
2025-06-19,114.255,114.357,110.581,111.266,30,-2.989,3370518812,6362754552325,433055,4669226911323980
2025-06-18,115.298,115.297,113.64,114.255,30,-1.043,2511466497,4990471198506,299284,4792867563381850
2025-06-17,114.123,116.076,114.857,115.298,30,1.175,3605589223,5754912262243,341172,4828687518869790
2025-06-16,115.612,116.525,113.986,114.123,30,-1.489,4113860086,6874514122931,396157,4748088534576300
2025-06-13,116.202,116.181,115.066,115.612,30,-0.59,3784878109,7460540095292,310507,4816167602792620
2025-06-12,116.366,116.828,115.662,116.202,30,-0.164,3720480141,4910150381607,299568,4830430603613960
2025-06-11,116.755,116.998,115.463,116.366,30,-0.389,6014241856,9600992326657,402640,4850418750811340
2025-06-10,114.441,116.755,114.547,116.755,30,2.314,5285029205,8988610547145,473068,4867609972012480
2025-06-05,113.042,114.808,113.466,114.441,30,1.399,5401983704,8228306038172,472383,4738651756750350
2025-06-04,112.833,114.094,112.708,113.042,30,0.209,4836640486,7869873884440,458718,4653905297110140
2025-06-03,113.173,113.702,111.541,112.833,30,-0.34,3356607105,6798700101910,333679,4623081461392700
2025-06-02,116.581,115.446,112.653,113.173,30,-3.408,4595397402,14659975407826,495431,4639965832998670
2025-05-28,117.286,117.709,116.494,116.581,30,-0.705,5889817244,10923490938313,338487,4755066000832480
2025-05-27,117.397,117.671,116.458,117.286,30,-0.111,3426788839,5756647291721,352495,4809819638645510
2025-05-26,118.098,118.508,116.208,117.397,30,-0.701,4913188193,6626587229659,431146,4807711530345060
2025-05-23,116.52,118.235,116.959,118.098,30,1.578,3008047251,5377327460123,309799,4886271880766020
2025-05-22,115.966,116.861,115.83,116.52,30,0.554,3509371126,6610982336127,355084,4772619556138000
2025-05-21,114.129,116.93,114.891,115.966,30,1.837,3218742837,7257481539038,360774,4758099850967600
2025-05-20,114.858,116.179,113.808,114.129,30,-0.729,3059997860,6605694786886,371151,4689862231093720
2025-05-19,114.092,115.398,113.496,114.858,30,0.766,3142972479,5788846374846,348375,4696385446073600
2025-05-16,113.281,114.731,112.188,114.092,30,0.811,3384299525,6345379665612,314324,4678838202886910
2025-05-15,111.241,114.241,111.65,113.281,30,2.04,4319401148,9075806211067,435973,4646703512526910
2025-05-14,107.033,111.241,109.329,111.241,30,4.208,4697023349,9708423149185,458092,4592359792983340
2025-05-09,107.23,108.111,106.562,107.033,30,-0.197,2506833196,4054849226226,273472,4426037675986990
2025-05-08,109.529,110.535,107.027,107.23,30,-2.299,3285485674,7110151971388,468409,4457074255233520
2025-05-07,108.811,110.153,108.79,109.529,30,0.718,3426565607,6653272858272,437080,4547951542803760
2025-05-06,107.415,109.184,107.718,108.811,30,1.396,3143891777,4811099208366,329030,4511933676474740
2025-05-05,106.973,108.392,107.089,107.415,30,0.442,2420836664,4642328588752,302328,4443494075923070
2025-05-02,105.543,107.061,105.771,106.973,30,1.43,2209641714,5487855157537,273296,4420924486796400
2025-04-30,105.258,106.295,104.335,105.543,30,0.285,2627053911,6555950311489,288877,4328351685649820
2025-04-29,105.079,105.742,104.791,105.258,30,0.179,2159541766,3790616525080,254599,4298731400961190
2025-04-28,103.889,105.279,104.397,105.079,30,1.19,1591753625,3525048873485,233687,4302170998578270
2025-04-25,102.926,104.537,103.579,103.889,30,0.963,2722753948,4325372790723,229879,4262889162752740
2025-04-24,104.181,105.595,102.586,102.926,30,-1.255,2279815857,6464064889861,346561,4220036172395540
2025-04-23,101.974,104.181,102.374,104.181,30,2.207,3966748080,7137554853894,392103,4288647960326670
2025-04-22,99.75,102.075,99.798,101.974,30,2.224,2609206942,4511559762457,307804,4194888707092050
2025-04-21,99.968,100.445,99.16,99.75,30,-0.218,2646598453,3850478545561,329248,4083884299003540
2025-04-17,99.201,99.968,98.452,99.968,30,0.767,2852330572,4707195615948,332396,4081556294761000
2025-04-16,100.079,100.455,98.49,99.201,30,-0.878,2292236006,5098293340415,339321,4034272258586730
2025-04-15,99.591,101.086,99.34,100.079,30,0.488,9178070391,7965370692304,372320,4052469338014250
2025-04-14,97.772,99.591,96.63,99.591,30,1.819,8677693030,7899347326614,415936,4005938281266140
2025-04-11,97.351,98.373,94.881,97.772,30,0.421,2562183530,5981154426885,331134,3898417551692800
2025-04-10,92.251,100.069,96.743,97.351,30,5.1,3519360534,8736146163918,399314,3860955015601270
2025-04-09,92.601,94.325,91.629,92.251,30,-0.35,2728401600,6549825268527,385696,3668640650484100
2025-04-08,102.366,94.208,88.81,92.601,30,-9.765,5034638384,14091416442986,624289,3711999796459250
2025-03-27,101.611,102.366,100.034,102.366,30,0.755,2333353503,6536091089911,268715,4073394063012450
2025-03-26,96.101,102.167,98.373,101.611,30,5.51,3318871226,10616959955545,387466,4031760059467720
2025-03-25,93.201,96.743,94.151,96.101,30,2.9,2591262737,6631444415902,309240,3825792944793530
2025-03-24,94.932,95.221,89.988,93.201,30,-1.731,3356191117,9608080005317,382521,3747228038552360
2025-03-21,98.144,97.851,94.455,94.932,30,-3.212,4604378240,13780440674930,448781,3846003703471760
2025-03-20,97.401,99.076,97.558,98.144,30,0.743,2451376235,5741500575953,290583,3969004544098250
2025-03-19,96.311,98.095,95.281,97.401,30,1.09,5722333249,8855811443151,299521,3871649530193570
2025-03-18,101.293,101.405,92.719,96.311,30,-4.982,5633088606,11271431667280,503295,3803633377953510
2025-03-17,101.227,102.163,100.483,101.293,30,0.066,1721952995,4150128424107,256427,4067611728516640
2025-03-14,103.076,103.146,101.227,101.227,30,-1.849,1586917932,3729603900959,190055,4076718518876980
2025-03-13,104.576,105.592,103.076,103.076,30,-1.5,1264320920,4083804990128,188246,4170860031454850
2025-03-12,102.355,104.58,102.959,104.576,30,2.221,1740359573,4167054899898,193516,4213368463596030
2025-03-11,103.102,102.972,101.35,102.355,30,-0.747,2448207925,4510998145010,223794,4133603301715180
2025-03-10,104.767,104.135,102.831,103.102,30,-1.665,2261953715,4394395636744,240722,4188336662582200
2025-03-07,105.653,106.05,104.519,104.767,30,-0.886,1864296018,4290070140913,236712,4258023595599990
2025-03-06,104.189,106.825,105.205,105.653,30,1.464,2714906326,6382814880633,244687,4272657856327070
2025-03-05,101.241,105.691,101.789,104.189,30,2.948,2383692167,7026389975582,296359,4217354326661720
2025-03-04,103.514,103.811,100.776,101.241,30,-2.273,1954310668,5374626168790,275764,4094237731732570
2025-03-03,97.599,104.721,99.487,103.514,30,5.915,3204844606,9122145074965,387926,4245727120907390
2025-02-28,101.807,100.783,97.38,97.599,30,-4.208,4578333742,12768634417786,436534,3447934988822860
2025-02-27,104.77,105.157,101.334,101.807,30,-2.963,2170331378,7027089713654,328186,3584256022044270
2025-02-26,104.702,106.235,103.651,104.77,30,0.068,1706831682,4334808911082,256013,3671615664752300
2025-02-25,107.548,107.981,104.702,104.702,30,-2.846,1949224498,5333239029432,296733,3680466189453960
2025-02-24,108.622,108.817,107.074,107.548,30,-1.074,1567548973,3621449932366,186391,3788266433159060
2025-02-21,109.092,109.018,107.821,108.622,30,-0.47,1757612613,4710461951547,246705,3833317278242320
2025-02-20,109.413,110.095,108.686,109.092,30,-0.321,3904016395,5518881443204,312949,3831439758099050
2025-02-19,113.132,113.148,109.293,109.413,30,-3.719,2245083337,5703476782365,258604,3836371928704140
2025-02-18,111.412,113.98,111.623,113.132,30,1.72,2183977539,6518952616862,242306,3967796874320590
2025-02-17,107.15,111.466,107.506,111.412,30,4.262,3343839120,5600566747997,278764,3907525427914200
2025-02-14,107.034,108.578,106.363,107.15,30,0.116,3022929814,9885630827791,279822,3776124366819160
2025-02-13,107.621,107.723,106.33,107.034,30,-0.587,2071086566,6152345136529,222280,3753384556991200
2025-02-12,106.198,107.621,105.423,107.621,30,1.423,2603563056,5605537693468,236851,3779362398177380
2025-02-11,107.412,107.804,105.466,106.198,30,-1.214,1898789782,5522496565338,233339,3711616302673020
2025-02-10,109.08,108.751,106.811,107.412,30,-1.668,1762435570,4059518036178,235038,3771254140987690
2025-02-07,107.918,109.08,105.683,109.08,30,1.162,2202642987,6419932808692,274114,3817394439291710
2025-02-06,111.89,111.773,106.941,107.918,30,-3.972,2187814723,8123911081680,414859,3784246804640420
2025-02-05,113.148,113.102,111.708,111.89,30,-1.258,2085477918,4896084744647,265368,3909777380727810
2025-02-04,114.068,115.155,112.958,113.148,30,-0.92,1600599783,4347853406224,249723,3918802149767400
2025-02-03,116.182,115.65,112.382,114.068,30,-2.114,1813939890,5436757112660,292725,3943194725980820
2025-01-31,115.298,117.911,115.813,116.182,30,0.884,1536199557,4493667638423,206378,4044234642393890
2025-01-30,117.536,117.081,114.937,115.298,30,-2.238,2395182503,5151031212182,306704,4034191865779650
2025-01-24,119.14,120.043,117.536,117.536,30,-1.604,1428855388,5403553098250,269935,4127788224000870
2025-01-23,119.823,121.514,119.14,119.14,30,-0.683,1627873936,5937718447952,246761,4158154255628680
2025-01-22,118.867,120.369,119.515,119.823,30,0.956,1529173615,4789959239541,231185,4218965807415470
2025-01-21,118.809,120.81,118.867,118.867,30,0.058,2055972844,5498325783841,277393,4180408631223560
2025-01-20,118.0,119.195,118.027,118.809,30,0.809,1308033677,3856060255909,200761,4200331854851640
2025-01-17,117.971,119.29,116.646,118.0,30,0.029,1586582270,4394670824353,189433,4195038640180390
2025-01-16,117.475,120.695,117.805,117.971,30,0.496,1831503031,5507904558337,260409,4179473419411920
2025-01-15,112.972,117.515,113.52,117.475,30,4.503,1821272367,5338510280220,282800,4181396280341020
2025-01-14,114.488,115.049,112.972,112.972,30,-1.516,1989361873,4326076878095,278940,4057836311462000
2025-01-13,116.413,116.102,114.181,114.488,30,-1.925,2341127505,5215463319660,351450,4116636798940690
2025-01-10,116.845,118.008,116.413,116.413,30,-0.432,1646534624,3304011550275,186340,4179166137198120
2025-01-09,116.816,117.608,116.73,116.845,30,0.029,1460228320,2665117872041,186756,4191642604725200
2025-01-08,116.592,118.151,116.047,116.816,30,0.224,1686872168,3698871126360,215412,4177803198384690
2025-01-07,117.366,117.462,116.16,116.592,30,-0.774,1618577794,3522985353593,222630,4179670485198230
2025-01-06,119.365,119.786,117.056,117.366,30,-1.999,2097550852,3054726762714,208010,4181023387177600
2025-01-03,120.066,120.575,118.81,119.365,30,-0.701,2015477966,3195928847075,187657,4256772545896780
2025-01-02,117.034,120.066,117.23,120.066,30,3.032,1790639926,3099937683580,211516,4279924667717970
2024-12-30,117.39,117.469,116.347,117.034,30,-0.356,1663132048,3887723090945,182004,4176210952182550
2024-12-27,118.424,118.699,117.005,117.39,30,-1.034,1293157527,2163661450199,146332,4182568809244180
2024-12-24,119.236,119.946,118.424,118.424,30,-0.812,1051687659,2507724313164,146335,4227639596249350
2024-12-23,116.726,119.493,118.083,119.236,30,2.51,1510349896,3442232551425,176720,4260456469649300
2024-12-20,116.998,118.003,116.078,116.726,30,-0.272,2209143970,5358158258086,213807,4184245413744570
2024-12-19,119.273,117.973,116.13,116.998,30,-2.275,2283154069,6605964016717,299007,4183681904167230
2024-12-18,120.415,121.422,119.249,119.273,30,-1.142,1747995025,5641599049490,226787,4253979770921200
2024-12-17,122.981,123.137,120.174,120.415,30,-2.566,1739197228,5704995104310,267426,4296298387681560
2024-12-16,123.072,123.651,121.342,122.981,30,-0.091,1916408480,5734827932025,262236,4380119274968870
2024-12-13,125.098,125.243,122.85,123.072,30,-2.026,5049904503,6915807032260,267814,4420593938954230
2024-12-12,127.531,127.074,125.098,125.098,30,-2.433,1502563739,4242772992625,236894,4486808770452840
2024-12-11,127.322,128.81,126.847,127.531,30,0.209,1836447289,4034509948926,229866,4562222445475070
2024-12-10,127.197,127.4,125.945,127.322,30,0.125,2151303635,4665837783757,242362,4544732525748970
2024-12-09,125.085,127.197,124.897,127.197,30,2.112,1652550965,4134673956219,212213,4546385651476910
2024-12-06,124.778,125.182,123.844,125.085,30,0.307,1176160937,3804536179405,169391,4473203859150250
2024-12-05,126.322,126.422,124.688,124.778,30,-1.544,1344873931,4160317010566,181022,4449825531413010
2024-12-04,124.128,126.67,123.507,126.322,30,2.194,1940970555,4873930610165,228038,4490012949832100
2024-12-03,120.505,124.128,122.152,124.128,30,3.623,2281044547,7022571972814,207972,4418042332562150
2024-12-02,123.269,124.131,120.505,120.505,30,-2.764,2135269707,5041014622255,306042,4285538269831540
2024-11-29,125.172,125.089,123.148,123.269,30,-1.903,2060265462,5505365492782,238086,4370239591932240
2024-11-28,125.423,126.011,124.755,125.172,30,-0.251,1817734153,4550604656720,197661,4425615037664250
2024-11-26,126.903,127.506,125.423,125.423,30,-1.48,1957377481,4719598263110,203682,4430806457674220
2024-11-25,124.803,128.319,125.551,126.903,30,2.1,3287259959,8177246682582,264239,4463935039664380
2024-11-22,123.412,125.691,123.673,124.803,30,1.391,1735292677,3949286799880,187915,4404616796013320
2024-11-21,125.36,125.082,123.412,123.412,30,-1.948,1851764044,4703318102889,242047,4359589228437270
2024-11-20,125.036,126.593,125.117,125.36,30,0.324,1563746790,3805663366891,191082,4427432058013950
2024-11-19,124.997,126.013,124.746,125.036,30,0.039,2684301500,4867475664139,256569,4412884269166120
2024-11-18,125.903,126.134,124.997,124.997,30,-0.906,3685765307,4662165893046,277469,4407177351638940
2024-11-15,126.743,127.311,125.455,125.903,30,-0.84,3800095728,4218002053850,240544,4435480581955400
2024-11-14,128.393,128.612,126.743,126.743,30,-1.65,3607580754,4628369470129,234815,4467744560477650
2024-11-13,127.946,129.822,127.872,128.393,30,0.447,2616318547,4593668477038,242597,4533304801500920
2024-11-12,126.983,128.549,126.763,127.946,30,0.963,3220300739,6033168442793,241941,4527035045088280
2024-11-11,127.277,127.957,124.889,126.983,30,-0.294,3297672298,7114266827421,351652,4479810398872250
2024-11-08,127.281,128.935,126.92,127.277,30,-0.004,2960231056,5389638562308,262043,4497657510392880
2024-11-07,130.149,130.13,127.281,127.281,30,-2.868,4001760414,7486679944642,326709,4489921692176540
2024-11-06,132.586,132.875,129.866,130.149,30,-2.437,4528113861,5927294293406,369667,4595102750197420
2024-11-05,131.302,132.829,130.589,132.586,30,1.284,2658972474,4360207423225,211131,4668845164911340
2024-11-04,131.394,132.121,129.946,131.302,30,-0.092,3074389961,5040174202115,288417,4624464998421470
2024-11-01,132.069,132.361,130.646,131.394,30,-0.675,2111325131,4880988421720,280036,4633616898051000
2024-10-31,131.851,133.535,131.58,132.069,30,0.218,2567269515,6045569489431,262896,4638670036547460
2024-10-30,132.864,132.344,130.857,131.851,30,-1.013,2493357203,6370112385587,256033,4622055931949800
2024-10-29,133.579,133.969,132.491,132.864,30,-0.715,1692291089,4444974750762,238272,4661056742637120
2024-10-28,135.016,135.473,133.056,133.579,30,-1.437,2038603380,4229537614967,258173,4676572135408470
2024-10-25,135.109,135.743,134.529,135.016,30,-0.093,1949731437,3754693783394,209140,4724746557349340
2024-10-24,136.316,137.048,135.109,135.109,30,-1.207,2554698445,4723071365583,226204,4718659799191460
2024-10-23,136.407,136.566,135.814,136.316,30,-0.091,2365154299,4468180208693,227579,4765901683793820
2024-10-22,138.034,137.668,136.391,136.407,30,-1.627,2996088872,5141894154925,265972,4773093916292170
2024-10-21,137.843,138.94,137.621,138.034,30,0.191,1882417540,3769673134985,224102,4832697918386680
2024-10-18,137.609,139.187,137.428,137.843,30,0.234,2491158763,4249136630993,214565,4814660046817320
2024-10-17,135.269,138.407,135.667,137.609,30,2.34,3819876583,5439419625568,282082,4799132408393170
2024-10-16,135.637,136.332,135.159,135.269,30,-0.368,1679361347,4244804102195,185255,4715767280363840
2024-10-15,133.902,135.914,134.103,135.637,30,1.735,3699913069,4818131972295,224597,4724217650709420
2024-10-14,133.03,134.387,133.006,133.902,30,0.872,1852626167,3304150302020,196445,4659209813325200
2024-10-11,132.206,133.911,132.716,133.03,30,0.824,1458094234,3383423459795,171633,4620797400207840
2024-10-10,132.613,133.436,131.841,132.206,30,-0.407,1757718976,3778821152681,178865,4586726430203260
2024-10-09,133.663,135.026,132.496,132.613,30,-1.05,2315586389,4956418696556,219386,4595989024897530
2024-10-08,131.564,134.788,129.972,133.663,30,2.099,3082889627,7588126336913,301023,4628038222834170
2024-10-07,132.208,132.632,130.567,131.564,30,-0.644,2205242225,5340126814406,258426,4565888893817270
2024-10-04,133.268,133.405,131.416,132.208,30,-1.06,2433775692,5114891157380,236599,4577479637530850
2024-10-03,133.644,134.057,132.158,133.268,30,-0.376,2991764026,6200726433007,274150,4620714346066340
2024-10-02,135.561,135.518,132.825,133.644,30,-1.917,4337682036,6259077653173,339099,4634505409569470
2024-10-01,133.103,135.561,133.497,135.561,30,2.458,6563159293,35379915295192,260311,4707189531026660
2024-09-30,136.102,135.308,133.103,133.103,30,-2.999,3868926654,9906593477831,333145,4625846925296390
2024-09-27,137.232,136.988,135.12,136.102,30,-1.13,2291446803,7821395182317,276784,4734822627947820
2024-09-26,139.089,138.52,136.459,137.232,30,-1.857,2831822557,10383962882892,365500,4786337368600720
2024-09-25,140.727,139.906,136.107,139.089,30,-1.638,3191264534,10988824039536,411396,4827273132543110
2024-09-24,141.177,141.612,140.384,140.727,30,-0.45,2304269691,5679052770687,217855,4856669902127840
2024-09-23,139.159,141.177,138.822,141.177,30,2.018,2578825595,5799426317419,217586,4881217240620730
2024-09-20,140.686,140.741,139.159,139.159,30,-1.527,3177627715,9728054014450,298223,4819779553260460
2024-09-19,138.835,141.243,139.531,140.686,30,1.851,2309905271,7806098270149,269735,4884753825925460
2024-09-18,137.998,138.931,137.919,138.835,30,0.837,1790397830,5349758392012,233828,4811593763032660
2024-09-17,136.951,138.05,137.151,137.998,30,1.047,1761803947,5649001971494,241196,4780752767971030
2024-09-13,136.771,137.182,135.966,136.951,30,0.18,1409465209,4525288059871,197554,4741660400474080
2024-09-12,136.58,137.567,136.438,136.771,30,0.191,1774858791,4933094500039,217813,4748039687282240
2024-09-11,136.486,137.174,136.128,136.58,30,0.094,1903777072,5005496199007,233988,4730827621811630
2024-09-10,135.877,136.785,135.484,136.486,30,0.609,1465456582,4497424445340,189097,4716213934447810
2024-09-09,136.229,136.935,135.202,135.877,30,-0.352,1672630218,5095227316220,178282,4701403618898400
2024-09-06,134.88,136.612,134.939,136.229,30,1.349,1229129718,3793647730031,157995,4702552933132980
2024-09-05,134.494,135.336,134.072,134.88,30,0.386,1603020049,3827740029667,180566,4659310902804070
2024-09-04,134.313,134.848,132.782,134.494,30,0.181,1589648005,3891656916376,202911,4649842693564850
2024-09-03,135.382,136.302,133.906,134.313,30,-1.069,1652139615,3638067078012,185734,4634433818973810
2024-09-02,135.091,136.342,135.165,135.382,30,0.291,1435165446,4207456215252,191338,4678944923185560
2024-08-30,133.831,135.091,133.655,135.091,30,1.26,3008247462,8356899654570,194103,4533852597402220
2024-08-29,135.29,135.978,133.831,133.831,30,-1.459,2600644221,5048079223126,252247,4467862302091440
2024-08-28,133.829,135.456,133.021,135.29,30,1.461,2335684622,5517796328692,230437,4514951180090620
2024-08-27,135.364,135.107,132.603,133.829,30,-1.535,1740881426,4762427011033,226563,4463502990684720
2024-08-26,133.975,135.824,134.248,135.364,30,1.389,1928797347,5163250145580,234344,4502263789785190
2024-08-23,133.033,134.563,133.487,133.975,30,0.942,1522530248,4633104699215,167081,4469038427872850
2024-08-22,134.918,134.81,132.187,133.033,30,-1.885,2396957525,6749506455331,247665,4449997159911540
2024-08-21,134.094,135.784,134.554,134.918,30,0.824,2643313835,6229438353980,260220,4504750513038320
2024-08-20,132.751,134.26,132.767,134.094,30,1.343,2548095167,5390699977198,232557,4492352005316310
2024-08-19,132.518,132.751,131.466,132.751,30,0.233,1532857612,4143298310877,200542,4470139933379300
2024-08-16,132.372,133.385,132.291,132.518,30,0.146,1732047235,3851964198260,202666,4475167542407700
2024-08-15,132.74,133.205,131.643,132.372,30,-0.368,1565619253,3688507866605,170629,4487070644175650
2024-08-14,131.527,133.176,131.868,132.74,30,1.213,1700908567,4914553056531,203357,4503822413759480
2024-08-13,130.199,131.527,130.141,131.527,30,1.328,1262408462,3356917554781,157187,4469121168675280
2024-08-12,129.531,130.199,128.908,130.199,30,0.668,1024132140,2550064623931,133983,4427557844508360
2024-08-09,129.024,130.201,129.339,129.531,30,0.507,985193966,2812892985475,116495,4404460334688890
2024-08-08,128.287,129.412,127.8,129.024,30,0.737,1194180490,3181771843151,142146,4382558181187080
2024-08-07,126.286,129.512,126.825,128.287,30,2.001,1175714941,3383814407510,145589,4357334415426660
2024-08-06,124.686,127.015,124.853,126.286,30,1.6,1466563133,4277570446080,185118,4266447783859610
2024-08-05,129.749,128.35,124.135,124.686,30,-5.063,2566417337,6910915074641,365821,4204167762612430
2024-08-02,130.202,130.647,128.808,129.749,30,-0.453,1583460421,4835773243928,174381,4389950106159150
2024-08-01,127.774,130.202,128.109,130.202,30,2.428,1763159758,4538661255333,187323,4394861234538750
2024-07-31,127.342,128.269,127.166,127.774,30,0.432,1619012270,4435913173323,167020,4317522386846100
2024-07-30,128.252,128.424,127.099,127.342,30,-0.91,1561459735,3869863805701,209627,4293685505541650
2024-07-29,128.541,129.352,127.866,128.252,30,-0.289,1298863287,3101029036649,160678,4314698521527040
2024-07-26,127.877,129.311,128.241,128.541,30,0.664,1283812753,3900596292115,132041,4326349462323400
2024-07-25,127.628,128.053,126.837,127.877,30,0.249,1540249943,4740510449678,219274,4301763294556630
2024-07-24,128.657,128.496,127.598,127.628,30,-1.029,1308645216,2779309495443,155338,4288904382138080
2024-07-23,129.382,129.948,128.203,128.657,30,-0.725,1291688622,3264158512336,178496,4322307180000010
2024-07-22,128.846,129.638,128.795,129.382,30,0.536,1303660706,3409376762062,151511,4330639314877320
2024-07-19,129.329,129.308,127.688,128.846,30,-0.483,1314649348,3605105534580,143841,4320802792005260
2024-07-18,127.056,129.601,127.179,129.329,30,2.273,1610395051,4871098810719,194957,4345109063670110
2024-07-17,127.105,128.204,126.793,127.056,30,-0.049,2076813077,4831557364378,209202,4278762756609830
2024-07-16,127.736,128.046,126.88,127.105,30,-0.631,1723404829,3662527865610,191763,4290766771177140
2024-07-15,128.592,128.975,127.092,127.736,30,-0.856,2314088960,4183300351006,181339,4304335409951220
